-- MySQL dump 10.13  Distrib 5.5.41, for debian-linux-gnu (i686)
--
-- Host: localhost    Database: bc5
-- ------------------------------------------------------
-- Server version	5.5.41-0+wheezy1

/*!40101 SET @OLD_CHARACTER_SET_CLIENT=@@CHARACTER_SET_CLIENT */;
/*!40101 SET @OLD_CHARACTER_SET_RESULTS=@@CHARACTER_SET_RESULTS */;
/*!40101 SET @OLD_COLLATION_CONNECTION=@@COLLATION_CONNECTION */;
/*!40101 SET NAMES utf8 */;
/*!40103 SET @OLD_TIME_ZONE=@@TIME_ZONE */;
/*!40103 SET TIME_ZONE='+00:00' */;
/*!40014 SET @OLD_UNIQUE_CHECKS=@@UNIQUE_CHECKS, UNIQUE_CHECKS=0 */;
/*!40014 SET @OLD_FOREIGN_KEY_CHECKS=@@FOREIGN_KEY_CHECKS, FOREIGN_KEY_CHECKS=0 */;
/*!40101 SET @OLD_SQL_MODE=@@SQL_MODE, SQL_MODE='NO_AUTO_VALUE_ON_ZERO' */;
/*!40111 SET @OLD_SQL_NOTES=@@SQL_NOTES, SQL_NOTES=0 */;

--
-- Table structure for table `beneficiaries`
--

DROP TABLE IF EXISTS `beneficiaries`;
/*!40101 SET @saved_cs_client     = @@character_set_client */;
/*!40101 SET character_set_client = utf8 */;
CREATE TABLE `beneficiaries` (
  `id` int(11) NOT NULL AUTO_INCREMENT,
  `bond_id` int(11) NOT NULL DEFAULT '0',
  `percentage_split` int(11) NOT NULL DEFAULT '0',
  `policyholder_id` int(11) NOT NULL DEFAULT '0',
  `created_at` timestamp NOT NULL DEFAULT CURRENT_TIMESTAMP,
  `updated_at` timestamp NOT NULL DEFAULT '0000-00-00 00:00:00',
  PRIMARY KEY (`id`)
) ENGINE=MyISAM DEFAULT CHARSET=latin1;
/*!40101 SET character_set_client = @saved_cs_client */;

--
-- Dumping data for table `beneficiaries`
--

LOCK TABLES `beneficiaries` WRITE;
/*!40000 ALTER TABLE `beneficiaries` DISABLE KEYS */;
/*!40000 ALTER TABLE `beneficiaries` ENABLE KEYS */;
UNLOCK TABLES;

--
-- Table structure for table `bonds`
--

DROP TABLE IF EXISTS `bonds`;
/*!40101 SET @saved_cs_client     = @@character_set_client */;
/*!40101 SET character_set_client = utf8 */;
CREATE TABLE `bonds` (
  `id` int(11) NOT NULL AUTO_INCREMENT,
  `insurer` varchar(100) NOT NULL,
  `policy_number` varchar(100) NOT NULL DEFAULT '',
  `investment` decimal(16,6) NOT NULL DEFAULT '0.000000',
  `encashment_proceeds` decimal(16,6) NOT NULL DEFAULT '0.000000',
  `auto_update_segments` tinyint(1) NOT NULL DEFAULT '1',
  `commencement_date` date NOT NULL DEFAULT '0000-00-00',
  `encashment_date` date NOT NULL DEFAULT '0000-00-00',
  `auto_update` tinyint(1) NOT NULL DEFAULT '1',
  `segments` int(11) NOT NULL DEFAULT '10',
  `offshore_bond` tinyint(1) NOT NULL DEFAULT '0',
  `mode` tinyint(1) NOT NULL DEFAULT '0',
  `user_id` int(11) NOT NULL DEFAULT '0',
  `created_at` timestamp NOT NULL DEFAULT CURRENT_TIMESTAMP,
  `updated_at` timestamp NOT NULL DEFAULT '0000-00-00 00:00:00',
  PRIMARY KEY (`id`)
) ENGINE=MyISAM AUTO_INCREMENT=102 DEFAULT CHARSET=latin1;
/*!40101 SET character_set_client = @saved_cs_client */;

--
-- Dumping data for table `bonds`
--

LOCK TABLES `bonds` WRITE;
/*!40000 ALTER TABLE `bonds` DISABLE KEYS */;
INSERT INTO `bonds` VALUES (41,'Aviva','UDX03992929',25000.000000,70000.000000,1,'1998-02-01','2014-10-03',1,10,0,1,1,'2007-09-04 16:08:40','2014-10-03 08:54:44'),(64,'Sterling','ZBOX 12345-1',13750.000000,31555.000000,1,'1995-03-15','2014-11-23',1,10,0,0,1,'2014-11-23 19:16:09','2014-11-23 19:16:09'),(28,'Sterling','ZBOX 12345-2',20000.000000,28000.000000,1,'2004-04-01','2007-04-03',0,1,1,0,1,'2007-04-03 19:59:37','2007-04-03 20:34:57'),(27,'Sterling','ZBOX 12395-3',20000.000000,38000.000000,1,'2002-04-01','2007-04-03',0,1,1,0,1,'2007-04-03 19:57:12','2014-08-19 21:35:34'),(30,'Sterling','929299',20000.000000,61000.000000,1,'1979-01-01','2007-04-21',1,20,0,0,1,'2007-04-04 20:43:41','2007-04-21 20:37:47'),(31,'AIG Life','dibble03403030',29000.000000,39000.000000,1,'2000-01-01','2007-04-25',1,190,0,0,1,'2007-04-25 21:47:05','2007-04-25 21:47:05'),(32,'Allied Dunbar','KAKBOND - 992999',50000.000000,72000.000000,1,'1995-01-01','2007-05-26',1,50,0,0,1,'2007-05-21 16:07:20','2007-05-26 07:38:35'),(34,'Prudential','ZIBBLE - 9292929K',25000.000000,39030.000000,1,'1994-03-02','2007-06-15',1,20,0,0,1,'2007-06-07 16:03:35','2007-06-15 17:24:57'),(36,'NPI','JKKK - 9i29299',30000.000000,49000.000000,1,'1995-03-01','2007-08-21',1,10,0,0,1,'2007-07-03 16:03:13','2007-08-21 15:30:20'),(38,'Aegon','Standard Life - X38383838',40000.000000,63000.000000,1,'1997-11-19','2007-09-04',1,10,0,0,1,'2007-08-22 10:32:42','2007-09-04 11:29:08'),(39,'Aegon','ZX SPECTRUM 229999',20000.000000,30000.000000,1,'1996-07-17','2013-05-03',1,10,0,0,1,'2007-08-22 13:48:16','2013-05-16 17:46:09'),(40,'Finistere Life Assurance Company','IAMAFISH0202020',20000.000000,34500.000000,1,'1995-03-01','2005-08-22',0,10,1,0,1,'2007-08-22 15:37:43','2007-08-22 15:37:43'),(42,'Aviva','KK-Burns 20303000',34000.000000,43000.000000,1,'1993-02-01','2007-09-26',1,20,1,0,1,'2007-09-26 11:23:58','2007-09-26 11:23:58'),(43,'Standard Life','Mr+Mrs X 0202020',24000.000000,21000.000000,1,'1997-01-01','2006-09-01',0,10,0,0,1,'2007-09-26 16:41:03','2007-09-26 16:41:03'),(44,'AIG Life','23948239',34000.000000,63000.000000,1,'1995-01-02','2014-04-17',1,10,0,0,1,'2007-11-04 15:20:52','2014-04-17 11:10:50'),(51,'Equitable Life','SHITBOX 7',100000.000000,250000.000000,1,'1997-10-03','2013-05-01',0,10,0,0,1,'2013-05-01 15:54:03','2013-05-01 15:54:08'),(53,'NorskAB','9995A',50000.000000,85000.000000,1,'1997-12-01','2014-12-08',1,10,0,0,1,'2014-08-19 23:16:34','2014-12-08 08:42:08'),(56,'SanBank DK ','999178H1',10000.000000,45790.000000,1,'2005-02-01','2014-12-08',1,10,0,0,1,'2014-08-20 11:34:34','2014-12-08 08:42:22'),(57,'ChemBank SA','192393449',50000.000000,85555.000000,1,'2001-02-01','2014-09-08',0,10,0,0,1,'2014-09-05 15:23:04','2014-09-08 16:30:44'),(58,'SHOKBank SA','997788-KL3',50000.000000,80000.000000,1,'2005-02-01','2014-09-18',1,10,0,0,1,'2014-09-18 12:55:07','2014-09-18 16:41:03'),(59,'HYPOBANK ','HY-99555-5AF',23750.000000,39000.000000,1,'2007-03-01','2014-09-19',1,10,0,1,1,'2014-09-19 19:30:24','2014-09-19 19:30:24'),(60,'Standard Life','K999848',50000.000000,90000.000000,1,'2005-02-01','2014-09-30',1,10,0,1,1,'2014-09-30 11:16:41','2014-09-30 11:16:41'),(61,'Sun Life of Canada','SL298-999557',10000.000000,27000.000000,1,'2001-02-01','2014-10-17',1,20,0,0,1,'2014-10-17 11:42:32','2014-10-17 11:42:32'),(62,'PF Unix Life','UX292939',45799.000000,93637.870000,1,'2004-03-01','2014-10-20',1,10,1,1,1,'2014-10-20 17:04:19','2014-10-20 17:04:19'),(63,'Sheffield Life','SHY778-19ABC',15000.000000,28958.770000,1,'2004-03-01','2014-10-26',1,10,0,0,1,'2014-10-26 11:26:11','2014-10-26 11:26:11'),(66,'Friends Life','9320930095',10000.000000,29125.000000,1,'2005-12-01','2015-03-11',1,10,0,0,1,'2014-12-12 09:35:33','2015-03-11 05:32:37'),(67,'Friends Life','UII000J22-33',10000.000000,19000.000000,1,'2012-12-01','2014-12-12',1,10,0,0,1,'2014-12-12 09:36:16','2014-12-12 09:36:16'),(68,'Standard Life','SL99900921',10000.000000,40000.000000,1,'2002-12-01','2014-12-12',1,10,0,0,1,'2014-12-12 09:36:51','2014-12-12 09:36:51'),(69,'Phoenix','PHSAS00888',10000.000000,23500.000000,1,'2010-12-01','2014-12-12',1,10,0,0,1,'2014-12-12 09:38:56','2014-12-12 09:38:56'),(70,'British Empire Life','BL77781',10000.000000,29800.000000,1,'2003-12-01','2014-12-12',1,10,0,0,1,'2014-12-12 09:39:34','2014-12-12 09:39:34'),(71,'ABC Life','ABCV3333',10000.000000,28000.000000,1,'2008-12-31','2014-12-13',1,10,1,0,1,'2014-12-13 07:22:23','2014-12-13 12:24:43'),(73,'Hansard','DSDHSJHj9938928',10000.000000,20500.000000,1,'2010-12-29','2014-12-13',1,10,1,0,1,'2014-12-13 09:07:27','2014-12-13 12:26:16'),(74,'CosmoLBP ','1223289738',10000.000000,40000.000000,1,'2006-12-01','2014-12-13',1,10,1,0,1,'2014-12-13 09:53:12','2014-12-13 09:53:12'),(75,'Standard Life international','9889778',10000.000000,27900.000000,1,'2010-01-01','2014-12-14',1,10,1,0,1,'2014-12-14 15:20:41','2014-12-14 15:20:41'),(76,'BGI NV','23948989',10000.000000,34800.000000,1,'2007-02-01','2014-12-14',1,10,0,0,1,'2014-12-14 15:39:12','2014-12-14 15:39:59'),(77,'Ovio Life Internation','9090909221',10000.000000,28300.000000,1,'2011-02-01','2014-12-14',1,10,1,0,1,'2014-12-14 15:44:48','2014-12-14 15:44:48'),(78,'Norsk AB','909092221',10000.000000,25000.000000,1,'2009-03-01','2014-12-14',1,10,0,0,1,'2014-12-14 15:45:32','2014-12-14 15:45:32'),(79,'JSK International','2389899',10000.000000,20500.000000,1,'2011-03-01','2014-12-14',1,10,1,0,1,'2014-12-14 17:41:34','2014-12-14 17:46:54'),(80,'AIB NV','238787878',10000.000000,40000.000000,1,'2003-03-01','2014-12-14',1,10,1,0,1,'2014-12-14 17:42:33','2014-12-14 17:42:33'),(81,'Ivisti Yuul TKY','3289TK',10000.000000,59000.000000,1,'2008-03-01','2014-12-14',1,10,1,0,1,'2014-12-14 17:43:24','2014-12-14 17:43:24'),(82,'Aegon','ASA82378781',10000.000000,25000.000000,1,'2012-03-01','2014-12-14',1,10,0,0,1,'2014-12-14 18:13:24','2014-12-14 18:13:24'),(83,'Finistere Life','FG123231',10000.000000,18000.000000,1,'2011-03-01','2014-12-14',1,10,1,0,1,'2014-12-14 18:14:03','2014-12-14 18:14:03'),(84,'Svenska Handelsbanken','SVBV232321',10000.000000,28000.000000,1,'2009-03-01','2014-12-14',1,10,1,0,1,'2014-12-14 18:15:16','2014-12-14 18:15:16'),(85,'AIG Life','ABF12121',10000.000000,31000.000000,1,'2013-05-01','2014-12-14',1,10,0,0,1,'2014-12-14 18:16:02','2014-12-14 18:16:02'),(86,'BNP Paribas','BNP978787887',100000.000000,200000.000000,1,'2008-01-01','2014-11-05',0,10,1,0,1,'2014-12-23 13:50:37','2014-12-23 14:07:23'),(87,'IPI Life','1291029',50000.000000,100000.000000,1,'1999-02-01','2015-01-07',1,10,1,0,1,'2015-01-07 12:15:34','2015-01-07 12:15:34'),(88,'BGA SA','BG565677',50000.000000,30000.000000,1,'2010-02-01','2015-01-10',1,10,0,0,1,'2015-01-10 17:12:23','2015-01-10 17:12:23'),(89,'AIG','AH9929299',100000.000000,143759.000000,1,'2009-02-01','2015-01-12',1,10,0,0,1,'2015-01-12 10:02:06','2015-01-12 10:02:06'),(90,'III Life','II99901',100000.000000,75000.000000,1,'2009-03-01','2015-01-12',1,10,0,0,1,'2015-01-12 16:20:57','2015-01-12 16:20:57'),(91,'HL Life','99999999',100000.000000,45000.000000,1,'2007-02-01','2015-01-13',1,10,0,0,1,'2015-01-13 11:54:40','2015-01-13 11:57:55'),(92,'GE Life','GE99999',150000.000000,106000.000000,1,'2010-01-01','2014-07-14',0,10,0,0,1,'2015-01-14 11:55:30','2015-01-14 11:55:30'),(93,'Rocket Life','RK0001',100000.000000,200000.000000,1,'2013-01-01','2015-01-14',1,10,0,0,1,'2015-01-14 15:51:36','2015-01-14 15:51:36'),(94,'Rocket Life','RK0003-5',100000.000000,70000.000000,1,'2010-02-01','2015-01-14',1,10,0,0,1,'2015-01-14 15:52:56','2015-01-14 15:52:56'),(95,'Manga Life','MG1999995',13799.170000,39753.190000,1,'2007-05-09','2015-01-21',1,15,0,0,1,'2015-01-20 15:55:20','2015-01-21 11:32:27'),(96,'Manga Life','JJKKLLL-999',10000.000000,20000.000000,1,'1997-03-01','2015-01-22',1,10,0,0,1,'2015-01-22 06:36:41','2015-01-22 06:36:41'),(98,'Moscow Life','MSL99999',35000.000000,12500.000000,1,'1995-01-23','2015-02-11',1,10,0,0,1,'2015-02-11 17:42:34','2015-02-11 17:42:34'),(100,'ORIC Life','ORC929291',10000.000000,29500.000000,1,'1993-02-01','2015-03-20',1,10,0,0,1,'2015-03-20 16:53:20','2015-03-20 16:53:20'),(101,'Dragon Life','DG7893477',10000.000000,29000.000000,1,'1991-02-01','2015-03-20',1,10,0,0,1,'2015-03-20 18:53:58','2015-03-20 18:55:44');
/*!40000 ALTER TABLE `bonds` ENABLE KEYS */;
UNLOCK TABLES;

--
-- Table structure for table `calculation_set`
--

DROP TABLE IF EXISTS `calculation_set`;
/*!40101 SET @saved_cs_client     = @@character_set_client */;
/*!40101 SET character_set_client = utf8 */;
CREATE TABLE `calculation_set` (
  `id` int(11) NOT NULL AUTO_INCREMENT,
  `calculation_id` int(11) NOT NULL DEFAULT '0',
  `bond_id` int(11) NOT NULL DEFAULT '0',
  `created_at` timestamp NOT NULL DEFAULT CURRENT_TIMESTAMP,
  `updated_at` timestamp NOT NULL DEFAULT '0000-00-00 00:00:00',
  `user_id` int(11) NOT NULL,
  PRIMARY KEY (`id`)
) ENGINE=MyISAM AUTO_INCREMENT=92 DEFAULT CHARSET=latin1;
/*!40101 SET character_set_client = @saved_cs_client */;

--
-- Dumping data for table `calculation_set`
--

LOCK TABLES `calculation_set` WRITE;
/*!40000 ALTER TABLE `calculation_set` DISABLE KEYS */;
INSERT INTO `calculation_set` VALUES (46,66,56,'0000-00-00 00:00:00','0000-00-00 00:00:00',1),(47,66,57,'0000-00-00 00:00:00','0000-00-00 00:00:00',1),(48,66,58,'0000-00-00 00:00:00','0000-00-00 00:00:00',1),(50,68,63,'2014-11-25 11:00:55','2014-11-25 11:00:55',1),(51,68,56,'2014-11-25 11:30:09','2014-11-25 11:30:09',1),(56,70,57,'2014-12-09 07:18:54','2014-12-09 07:18:54',1),(54,70,53,'2014-12-07 16:22:53','2014-12-07 16:22:53',1),(57,72,66,'2014-12-12 09:39:59','2014-12-12 09:39:59',1),(58,72,67,'2014-12-12 09:40:05','2014-12-12 09:40:05',1),(59,72,68,'2014-12-12 09:40:11','2014-12-12 09:40:11',1),(60,72,69,'2014-12-12 09:40:16','2014-12-12 09:40:16',1),(61,72,70,'2014-12-12 09:40:22','2014-12-12 09:40:22',1),(62,73,71,'2014-12-13 12:17:16','2014-12-13 12:17:16',1),(63,73,73,'2014-12-13 12:17:25','2014-12-13 12:17:25',1),(64,73,74,'2014-12-13 12:17:41','2014-12-13 12:17:41',1),(65,74,31,'2014-12-13 18:49:10','2014-12-13 18:49:10',1),(66,74,34,'2014-12-13 18:49:22','2014-12-13 18:49:22',1),(67,75,75,'2014-12-14 15:50:16','2014-12-14 15:50:16',1),(68,75,76,'2014-12-14 15:50:24','2014-12-14 15:50:24',1),(69,75,77,'2014-12-14 15:50:30','2014-12-14 15:50:30',1),(70,75,78,'2014-12-14 15:50:44','2014-12-14 15:50:44',1),(71,76,79,'2014-12-14 17:43:50','2014-12-14 17:43:50',1),(72,76,80,'2014-12-14 17:43:55','2014-12-14 17:43:55',1),(73,76,81,'2014-12-14 17:44:01','2014-12-14 17:44:01',1),(74,77,82,'2014-12-14 18:16:24','2014-12-14 18:16:24',1),(75,77,83,'2014-12-14 18:16:30','2014-12-14 18:16:30',1),(76,77,84,'2014-12-14 18:16:38','2014-12-14 18:16:38',1),(77,77,85,'2014-12-14 18:16:44','2014-12-14 18:16:44',1),(78,78,86,'2014-12-23 13:52:01','2014-12-23 13:52:01',1),(80,80,89,'2015-01-12 10:37:14','2015-01-12 10:37:14',1),(81,81,90,'2015-01-12 16:22:23','2015-01-12 16:22:23',1),(82,82,91,'2015-01-13 11:56:27','2015-01-13 11:56:27',1),(83,83,92,'2015-01-14 11:57:03','2015-01-14 11:57:03',1),(84,84,93,'2015-01-14 15:53:30','2015-01-14 15:53:30',1),(85,84,94,'2015-01-14 15:53:44','2015-01-14 15:53:44',1),(86,85,59,'2015-02-11 11:17:23','2015-02-11 11:17:23',1),(87,85,95,'2015-02-11 11:17:37','2015-02-11 11:17:37',1),(88,86,98,'2015-02-11 17:44:43','2015-02-11 17:44:43',1),(89,87,62,'2015-02-19 18:51:45','2015-02-19 18:51:45',1),(90,88,60,'2015-02-20 20:00:45','2015-02-20 20:00:45',1),(91,79,68,'2015-03-13 10:25:47','2015-03-13 10:25:47',1);
/*!40000 ALTER TABLE `calculation_set` ENABLE KEYS */;
UNLOCK TABLES;

--
-- Table structure for table `calculations`
--

DROP TABLE IF EXISTS `calculations`;
/*!40101 SET @saved_cs_client     = @@character_set_client */;
/*!40101 SET character_set_client = utf8 */;
CREATE TABLE `calculations` (
  `id` int(11) NOT NULL AUTO_INCREMENT,
  `user_id` int(11) NOT NULL DEFAULT '0',
  `created_at` timestamp NOT NULL DEFAULT CURRENT_TIMESTAMP,
  `updated_at` timestamp NOT NULL DEFAULT '0000-00-00 00:00:00',
  PRIMARY KEY (`id`)
) ENGINE=MyISAM AUTO_INCREMENT=89 DEFAULT CHARSET=latin1;
/*!40101 SET character_set_client = @saved_cs_client */;

--
-- Dumping data for table `calculations`
--

LOCK TABLES `calculations` WRITE;
/*!40000 ALTER TABLE `calculations` DISABLE KEYS */;
INSERT INTO `calculations` VALUES (66,1,'0000-00-00 00:00:00','0000-00-00 00:00:00'),(68,1,'2014-11-25 11:00:55','0000-00-00 00:00:00'),(72,1,'2014-12-12 09:39:59','0000-00-00 00:00:00'),(70,1,'2014-12-07 16:22:53','0000-00-00 00:00:00'),(73,1,'2014-12-13 12:17:16','0000-00-00 00:00:00'),(74,1,'2014-12-13 18:49:10','0000-00-00 00:00:00'),(75,1,'2014-12-14 15:50:16','0000-00-00 00:00:00'),(76,1,'2014-12-14 17:43:50','0000-00-00 00:00:00'),(77,1,'2014-12-14 18:16:24','0000-00-00 00:00:00'),(78,1,'2014-12-23 13:52:01','0000-00-00 00:00:00'),(79,1,'2015-01-10 18:57:46','0000-00-00 00:00:00'),(80,1,'2015-01-12 10:37:14','0000-00-00 00:00:00'),(81,1,'2015-01-12 16:22:23','0000-00-00 00:00:00'),(82,1,'2015-01-13 11:56:27','0000-00-00 00:00:00'),(83,1,'2015-01-14 11:57:03','0000-00-00 00:00:00'),(84,1,'2015-01-14 15:53:30','0000-00-00 00:00:00'),(85,1,'2015-02-11 11:17:23','0000-00-00 00:00:00'),(86,1,'2015-02-11 17:44:43','0000-00-00 00:00:00'),(87,1,'2015-02-19 18:51:45','0000-00-00 00:00:00'),(88,1,'2015-02-20 20:00:45','0000-00-00 00:00:00');
/*!40000 ALTER TABLE `calculations` ENABLE KEYS */;
UNLOCK TABLES;

--
-- Table structure for table `encashment_calculation_set`
--

DROP TABLE IF EXISTS `encashment_calculation_set`;
/*!40101 SET @saved_cs_client     = @@character_set_client */;
/*!40101 SET character_set_client = utf8 */;
CREATE TABLE `encashment_calculation_set` (
  `id` int(11) NOT NULL AUTO_INCREMENT,
  `encashment_calculation_id` int(11) DEFAULT '0',
  `bond_id` int(11) NOT NULL DEFAULT '0',
  `created_at` timestamp NOT NULL DEFAULT CURRENT_TIMESTAMP,
  `updated_at` timestamp NOT NULL DEFAULT '0000-00-00 00:00:00',
  PRIMARY KEY (`id`)
) ENGINE=MyISAM AUTO_INCREMENT=8 DEFAULT CHARSET=latin1;
/*!40101 SET character_set_client = @saved_cs_client */;

--
-- Dumping data for table `encashment_calculation_set`
--

LOCK TABLES `encashment_calculation_set` WRITE;
/*!40000 ALTER TABLE `encashment_calculation_set` DISABLE KEYS */;
/*!40000 ALTER TABLE `encashment_calculation_set` ENABLE KEYS */;
UNLOCK TABLES;

--
-- Table structure for table `encashment_calculations`
--

DROP TABLE IF EXISTS `encashment_calculations`;
/*!40101 SET @saved_cs_client     = @@character_set_client */;
/*!40101 SET character_set_client = utf8 */;
CREATE TABLE `encashment_calculations` (
  `id` int(11) NOT NULL AUTO_INCREMENT,
  `withdrawal_amount` decimal(16,6) NOT NULL,
  `include_current_withdrawals` tinyint(1) DEFAULT '0',
  `user_id` int(11) NOT NULL DEFAULT '0',
  `created_at` timestamp NOT NULL DEFAULT CURRENT_TIMESTAMP,
  `updated_at` timestamp NOT NULL DEFAULT '0000-00-00 00:00:00',
  PRIMARY KEY (`id`)
) ENGINE=MyISAM AUTO_INCREMENT=16 DEFAULT CHARSET=latin1;
/*!40101 SET character_set_client = @saved_cs_client */;

--
-- Dumping data for table `encashment_calculations`
--

LOCK TABLES `encashment_calculations` WRITE;
/*!40000 ALTER TABLE `encashment_calculations` DISABLE KEYS */;
/*!40000 ALTER TABLE `encashment_calculations` ENABLE KEYS */;
UNLOCK TABLES;

--
-- Table structure for table `encashments`
--

DROP TABLE IF EXISTS `encashments`;
/*!40101 SET @saved_cs_client     = @@character_set_client */;
/*!40101 SET character_set_client = utf8 */;
CREATE TABLE `encashments` (
  `id` int(11) NOT NULL AUTO_INCREMENT,
  `bond_id` int(11) NOT NULL DEFAULT '0',
  `segment_start` int(4) NOT NULL DEFAULT '0',
  `segment_end` int(4) NOT NULL DEFAULT '0',
  `segments_proceeds` decimal(16,6) NOT NULL DEFAULT '0.000000',
  `segments_encashment_date` date NOT NULL DEFAULT '0000-00-00',
  `increment_id` int(11) NOT NULL DEFAULT '0',
  `user_id` int(11) NOT NULL DEFAULT '0',
  `created_at` timestamp NOT NULL DEFAULT CURRENT_TIMESTAMP,
  `updated_at` timestamp NOT NULL DEFAULT '0000-00-00 00:00:00',
  PRIMARY KEY (`id`)
) ENGINE=MyISAM AUTO_INCREMENT=75 DEFAULT CHARSET=latin1;
/*!40101 SET character_set_client = @saved_cs_client */;

--
-- Dumping data for table `encashments`
--

LOCK TABLES `encashments` WRITE;
/*!40000 ALTER TABLE `encashments` DISABLE KEYS */;
INSERT INTO `encashments` VALUES (54,56,9,10,3100.000000,'2014-05-13',0,3,'2014-08-21 14:48:47','2014-08-21 14:48:47'),(56,64,1,2,5541.000000,'2013-03-01',0,3,'2014-11-23 19:16:57','2014-11-23 19:16:57'),(65,66,1,2,5445.000000,'2015-02-01',0,3,'2015-02-10 22:38:58','2015-02-10 22:38:58'),(73,98,8,8,5000.000000,'2012-11-16',0,3,'2015-02-11 17:44:15','2015-02-11 17:44:15'),(72,98,7,7,7000.000000,'2006-01-26',0,3,'2015-02-11 17:44:01','2015-02-11 17:44:01'),(71,98,4,6,45000.000000,'2003-05-21',0,3,'2015-02-11 17:43:44','2015-02-11 17:43:44'),(70,98,1,3,50000.000000,'2003-01-21',0,3,'2015-02-11 17:43:31','2015-02-11 17:43:31'),(74,100,1,1,1500.000000,'2003-03-02',0,1,'2015-03-20 16:54:07','2015-03-20 16:54:07');
/*!40000 ALTER TABLE `encashments` ENABLE KEYS */;
UNLOCK TABLES;

--
-- Table structure for table `increments`
--

DROP TABLE IF EXISTS `increments`;
/*!40101 SET @saved_cs_client     = @@character_set_client */;
/*!40101 SET character_set_client = utf8 */;
CREATE TABLE `increments` (
  `id` int(11) NOT NULL AUTO_INCREMENT,
  `bond_id` int(11) NOT NULL DEFAULT '0',
  `increment_amount` decimal(16,6) NOT NULL DEFAULT '0.000000',
  `increment_commencement_date` date NOT NULL DEFAULT '0000-00-00',
  `increment_segments` int(11) NOT NULL DEFAULT '0',
  `user_id` int(11) NOT NULL DEFAULT '0',
  `created_at` timestamp NOT NULL DEFAULT CURRENT_TIMESTAMP,
  `updated_at` timestamp NOT NULL DEFAULT '0000-00-00 00:00:00',
  PRIMARY KEY (`id`)
) ENGINE=MyISAM AUTO_INCREMENT=131 DEFAULT CHARSET=latin1;
/*!40101 SET character_set_client = @saved_cs_client */;

--
-- Dumping data for table `increments`
--

LOCK TABLES `increments` WRITE;
/*!40000 ALTER TABLE `increments` DISABLE KEYS */;
INSERT INTO `increments` VALUES (57,23,10000.000000,'1992-05-01',0,1,'2007-03-21 08:03:12','0000-00-00 00:00:00'),(58,23,11000.000000,'2001-01-01',0,1,'2007-03-18 23:07:38','0000-00-00 00:00:00'),(59,22,30000.000000,'2001-09-11',0,1,'2007-03-17 09:08:12','0000-00-00 00:00:00'),(60,31,35000.000000,'2005-02-02',100,1,'2007-05-11 16:13:08','0000-00-00 00:00:00'),(61,36,20000.000000,'2005-09-02',0,1,'2007-07-03 19:25:21','0000-00-00 00:00:00'),(62,32,20000.000000,'2000-03-02',10,1,'2007-05-26 07:38:21','0000-00-00 00:00:00'),(63,35,5000.000000,'2004-04-01',10,1,'2007-06-28 16:04:24','0000-00-00 00:00:00'),(64,36,5000.000000,'2001-07-01',5,1,'2007-08-15 21:54:24','0000-00-00 00:00:00'),(65,36,10000.000000,'1999-04-15',10,1,'2007-07-03 16:13:26','0000-00-00 00:00:00'),(66,42,10000.000000,'2001-01-01',0,1,'2007-09-26 16:35:11','0000-00-00 00:00:00'),(67,36,10000.000000,'2006-02-01',5,1,'2007-10-11 21:45:31','0000-00-00 00:00:00'),(68,44,10000.000000,'2000-03-01',0,1,'2007-10-12 12:59:18','0000-00-00 00:00:00'),(69,44,3000.000000,'2002-02-20',5,1,'2007-10-25 09:59:45','0000-00-00 00:00:00'),(125,64,10000.000000,'2011-03-01',5,1,'2014-11-23 19:16:39','2014-11-23 19:16:39'),(115,56,1000.000000,'2007-02-01',0,1,'2014-09-08 21:34:28','2014-09-08 21:34:28'),(114,57,5000.000000,'2011-03-13',5,1,'2014-09-08 17:10:08','2014-09-08 17:10:08'),(117,56,10000.000000,'2008-11-11',10,1,'2014-09-08 20:49:42','2014-09-08 20:49:42'),(120,56,3000.000000,'2010-05-05',5,1,'2014-09-08 21:16:36','2014-09-08 21:16:36'),(121,60,10000.000000,'2010-09-01',5,1,'2014-09-30 11:17:24','2014-09-30 11:17:24'),(122,61,5000.000000,'2007-03-21',10,1,'2014-10-17 11:43:28','2014-10-17 11:43:28'),(123,61,2500.000000,'2012-12-01',0,1,'2014-10-17 11:44:03','2014-10-17 11:44:03'),(124,62,20000.000000,'2009-05-21',10,1,'2014-10-20 17:04:49','2014-10-20 17:04:49'),(129,98,15000.000000,'1996-01-08',0,1,'2015-02-11 17:43:01','2015-02-11 17:43:01'),(130,98,25000.000000,'1999-01-07',0,1,'2015-02-11 17:43:14','2015-02-11 17:43:14');
/*!40000 ALTER TABLE `increments` ENABLE KEYS */;
UNLOCK TABLES;

--
-- Table structure for table `migrations`
--

DROP TABLE IF EXISTS `migrations`;
/*!40101 SET @saved_cs_client     = @@character_set_client */;
/*!40101 SET character_set_client = utf8 */;
CREATE TABLE `migrations` (
  `migration` varchar(255) COLLATE utf8_unicode_ci NOT NULL,
  `batch` int(11) NOT NULL
) ENGINE=InnoDB DEFAULT CHARSET=utf8 COLLATE=utf8_unicode_ci;
/*!40101 SET character_set_client = @saved_cs_client */;

--
-- Dumping data for table `migrations`
--

LOCK TABLES `migrations` WRITE;
/*!40000 ALTER TABLE `migrations` DISABLE KEYS */;
INSERT INTO `migrations` VALUES ('2012_12_06_225921_migration_cartalyst_sentry_install_users',1),('2012_12_06_225929_migration_cartalyst_sentry_install_groups',1),('2012_12_06_225945_migration_cartalyst_sentry_install_users_groups_pivot',1),('2012_12_06_225988_migration_cartalyst_sentry_install_throttle',1),('2014_10_12_000000_create_users_table',2),('2014_10_12_100000_create_password_resets_table',2);
/*!40000 ALTER TABLE `migrations` ENABLE KEYS */;
UNLOCK TABLES;

--
-- Table structure for table `non_residence`
--

DROP TABLE IF EXISTS `non_residence`;
/*!40101 SET @saved_cs_client     = @@character_set_client */;
/*!40101 SET character_set_client = utf8 */;
CREATE TABLE `non_residence` (
  `id` int(11) NOT NULL AUTO_INCREMENT,
  `policyholder_id` int(11) NOT NULL DEFAULT '0',
  `start_date` date NOT NULL DEFAULT '0000-00-00',
  `end_date` date NOT NULL DEFAULT '0000-00-00',
  `created_at` timestamp NOT NULL DEFAULT CURRENT_TIMESTAMP,
  `updated_at` timestamp NOT NULL DEFAULT '0000-00-00 00:00:00',
  PRIMARY KEY (`id`),
  KEY `policyholder_id` (`policyholder_id`)
) ENGINE=MyISAM AUTO_INCREMENT=41 DEFAULT CHARSET=latin1;
/*!40101 SET character_set_client = @saved_cs_client */;

--
-- Dumping data for table `non_residence`
--

LOCK TABLES `non_residence` WRITE;
/*!40000 ALTER TABLE `non_residence` DISABLE KEYS */;
INSERT INTO `non_residence` VALUES (26,31,'2010-03-01','2014-04-08','2014-12-23 14:03:44','2014-12-23 14:03:44'),(27,31,'1981-03-01','1985-07-12','2014-12-23 14:04:09','2014-12-23 14:04:09'),(28,43,'2007-03-01','2008-05-05','2015-01-22 16:27:07','2015-01-22 16:27:07'),(30,44,'1999-03-02','2001-02-03','2015-01-22 17:49:48','2015-01-22 17:49:48'),(31,30,'2003-03-12','2007-03-15','2015-02-04 11:29:58','2015-02-04 11:29:58'),(34,30,'1979-01-12','1985-09-13','2015-02-04 17:37:39','2015-02-04 17:37:39');
/*!40000 ALTER TABLE `non_residence` ENABLE KEYS */;
UNLOCK TABLES;

--
-- Table structure for table `ownerships`
--

DROP TABLE IF EXISTS `ownerships`;
/*!40101 SET @saved_cs_client     = @@character_set_client */;
/*!40101 SET character_set_client = utf8 */;
CREATE TABLE `ownerships` (
  `id` int(11) NOT NULL AUTO_INCREMENT,
  `bond_id` int(11) NOT NULL DEFAULT '0',
  `percentage_split` int(11) NOT NULL DEFAULT '0',
  `segment_start` int(11) NOT NULL DEFAULT '0',
  `segment_end` int(11) NOT NULL DEFAULT '0',
  `trustee_investment` tinyint(1) NOT NULL DEFAULT '0',
  `policyholder_id` int(11) NOT NULL DEFAULT '0',
  `assignment_date` date NOT NULL DEFAULT '0000-00-00',
  `security_debt_date` date NOT NULL DEFAULT '0000-00-00',
  `user_id` int(11) NOT NULL DEFAULT '0',
  `created_at` timestamp NOT NULL DEFAULT CURRENT_TIMESTAMP,
  `updated_at` timestamp NOT NULL DEFAULT '0000-00-00 00:00:00',
  PRIMARY KEY (`id`),
  KEY `bondId` (`bond_id`)
) ENGINE=MyISAM AUTO_INCREMENT=265 DEFAULT CHARSET=latin1;
/*!40101 SET character_set_client = @saved_cs_client */;

--
-- Dumping data for table `ownerships`
--

LOCK TABLES `ownerships` WRITE;
/*!40000 ALTER TABLE `ownerships` DISABLE KEYS */;
INSERT INTO `ownerships` VALUES (133,31,50,0,0,0,17,'0000-00-00','0000-00-00',1,'2007-04-26 10:31:03','0000-00-00 00:00:00'),(134,31,50,0,0,0,16,'0000-00-00','0000-00-00',1,'2007-04-26 10:29:47','0000-00-00 00:00:00'),(135,30,100,0,0,0,14,'0000-00-00','0000-00-00',1,'2007-04-04 19:43:52','0000-00-00 00:00:00'),(239,80,100,1,10,0,4,'0000-00-00','0000-00-00',1,'2014-12-14 17:42:40','2014-12-14 17:42:40'),(137,28,100,0,0,0,13,'0000-00-00','0000-00-00',1,'2007-04-03 18:59:46','0000-00-00 00:00:00'),(138,27,100,0,0,0,13,'0000-00-00','0000-00-00',1,'2007-04-03 18:57:20','0000-00-00 00:00:00'),(238,79,100,1,10,0,4,'0000-00-00','0000-00-00',1,'2014-12-14 17:42:00','2014-12-14 17:42:00'),(237,78,100,1,10,0,29,'0000-00-00','0000-00-00',1,'2014-12-14 15:45:41','2014-12-14 15:45:41'),(236,77,100,1,10,0,29,'0000-00-00','0000-00-00',1,'2014-12-14 15:44:55','2014-12-14 15:44:55'),(235,76,100,1,10,0,29,'0000-00-00','0000-00-00',1,'2014-12-14 15:40:08','2014-12-14 15:40:08'),(234,75,100,1,10,0,29,'0000-00-00','0000-00-00',1,'2014-12-14 15:20:50','2014-12-14 15:20:50'),(145,32,100,10,60,0,16,'0000-00-00','0000-00-00',1,'2007-08-30 09:34:58','0000-00-00 00:00:00'),(240,81,100,1,10,0,4,'0000-00-00','0000-00-00',1,'2014-12-14 17:43:32','2014-12-14 17:43:32'),(147,34,50,1,20,0,17,'0000-00-00','0000-00-00',1,'2007-06-15 16:25:24','0000-00-00 00:00:00'),(148,34,50,1,20,0,16,'0000-00-00','0000-00-00',1,'2007-06-15 16:25:13','0000-00-00 00:00:00'),(149,36,100,1,25,0,16,'0000-00-00','0000-00-00',1,'2007-08-21 15:06:23','0000-00-00 00:00:00'),(241,82,100,1,10,0,30,'0000-00-00','0000-00-00',1,'2014-12-14 18:13:33','2014-12-14 18:13:33'),(151,38,100,1,10,0,14,'0000-00-00','0000-00-00',1,'2007-09-04 10:32:12','0000-00-00 00:00:00'),(152,39,100,1,10,0,14,'0000-00-00','0000-00-00',1,'2013-05-16 16:44:49','0000-00-00 00:00:00'),(153,40,100,1,10,0,14,'0000-00-00','0000-00-00',1,'2007-08-22 14:37:52','0000-00-00 00:00:00'),(154,41,100,1,6,0,14,'0000-00-00','0000-00-00',1,'2007-09-26 06:05:31','0000-00-00 00:00:00'),(155,41,100,7,10,0,12,'2003-03-01','0000-00-00',1,'2007-09-26 10:09:48','0000-00-00 00:00:00'),(156,42,100,1,15,0,14,'0000-00-00','0000-00-00',1,'2007-09-26 10:24:21','0000-00-00 00:00:00'),(157,42,100,16,20,0,7,'2002-01-30','0000-00-00',1,'2007-09-26 15:26:29','0000-00-00 00:00:00'),(158,43,100,1,6,0,11,'0000-00-00','0000-00-00',1,'2007-09-26 15:41:30','0000-00-00 00:00:00'),(159,43,100,7,10,0,12,'2001-03-02','0000-00-00',1,'2007-09-27 06:00:35','0000-00-00 00:00:00'),(160,44,100,1,10,0,18,'0000-00-00','0000-00-00',1,'2007-10-11 20:47:37','0000-00-00 00:00:00'),(161,44,100,11,15,0,18,'0000-00-00','0000-00-00',1,'2007-10-25 09:06:25','0000-00-00 00:00:00'),(242,83,100,1,10,0,30,'0000-00-00','0000-00-00',1,'2014-12-14 18:14:10','2014-12-14 18:14:10'),(244,85,100,1,10,0,30,'0000-00-00','0000-00-00',1,'2014-12-14 18:16:10','2014-12-14 18:16:10'),(243,84,100,1,10,0,30,'0000-00-00','0000-00-00',1,'2014-12-14 18:15:24','2014-12-14 18:15:24'),(225,64,100,1,10,0,13,'0000-00-00','0000-00-00',1,'2014-11-23 19:16:18','2014-11-23 19:16:18'),(169,51,100,1,10,0,16,'0000-00-00','0000-00-00',1,'2013-05-01 14:54:34','0000-00-00 00:00:00'),(184,53,100,1,10,0,25,'0000-00-00','0000-00-00',1,'2014-08-19 23:17:25','2014-08-19 23:17:25'),(194,57,100,1,10,0,25,'0000-00-00','0000-00-00',1,'2014-09-05 15:23:13','2014-09-05 15:23:13'),(205,56,50,1,15,0,20,'0000-00-00','0000-00-00',1,'2014-09-08 17:37:20','2014-09-08 17:37:20'),(212,56,50,1,15,0,10,'0000-00-00','0000-00-00',1,'2014-09-08 20:14:58','2014-09-08 20:14:58'),(203,57,100,11,15,0,25,'0000-00-00','0000-00-00',1,'2014-09-08 17:11:28','2014-09-08 17:11:28'),(214,56,50,16,25,0,20,'0000-00-00','0000-00-00',1,'2014-09-08 21:17:27','2014-09-08 21:17:27'),(215,56,50,16,25,0,10,'0000-00-00','0000-00-00',1,'2014-09-08 21:17:37','2014-09-08 21:17:37'),(216,58,100,1,10,0,25,'0000-00-00','0000-00-00',1,'2014-09-18 12:57:37','2014-09-18 12:57:37'),(217,59,100,1,10,0,5,'0000-00-00','0000-00-00',1,'2014-09-19 19:30:36','2014-09-19 19:30:36'),(218,60,100,1,10,0,25,'0000-00-00','0000-00-00',1,'2014-09-30 11:16:49','2014-09-30 11:16:49'),(219,60,100,11,15,0,25,'0000-00-00','0000-00-00',1,'2014-09-30 11:21:26','2014-09-30 11:21:26'),(220,61,100,1,20,0,25,'0000-00-00','0000-00-00',1,'2014-10-17 11:42:42','2014-10-17 11:42:42'),(221,61,100,21,30,0,25,'0000-00-00','0000-00-00',1,'2014-10-17 11:44:33','2014-10-17 11:44:33'),(222,62,100,1,10,0,25,'0000-00-00','0000-00-00',1,'2014-10-20 17:04:30','2014-10-20 17:04:30'),(223,62,100,11,20,0,25,'0000-00-00','0000-00-00',1,'2014-10-20 20:44:38','2014-10-20 20:44:38'),(224,63,100,1,10,0,10,'0000-00-00','0000-00-00',1,'2014-10-26 11:26:24','2014-10-26 11:26:24'),(226,66,100,1,10,0,26,'0000-00-00','0000-00-00',1,'2014-12-12 09:35:40','2014-12-12 09:35:40'),(227,67,100,1,10,0,26,'0000-00-00','0000-00-00',1,'2014-12-12 09:36:23','2014-12-12 09:36:23'),(228,68,100,1,10,0,26,'0000-00-00','0000-00-00',1,'2014-12-12 09:36:59','2014-12-12 09:36:59'),(229,69,100,1,10,0,26,'0000-00-00','0000-00-00',1,'2014-12-12 09:39:02','2014-12-12 09:39:02'),(230,70,100,1,10,0,26,'0000-00-00','0000-00-00',1,'2014-12-12 09:39:42','2014-12-12 09:39:42'),(231,71,100,1,10,0,27,'0000-00-00','0000-00-00',1,'2014-12-13 07:23:01','2014-12-13 07:23:01'),(232,73,100,1,10,0,27,'0000-00-00','0000-00-00',1,'2014-12-13 09:52:07','2014-12-13 09:52:07'),(233,74,100,1,10,0,27,'0000-00-00','0000-00-00',1,'2014-12-13 09:53:21','2014-12-13 09:53:21'),(245,86,100,1,10,0,31,'0000-00-00','0000-00-00',1,'2014-12-23 13:50:53','2014-12-23 13:50:53'),(246,87,100,1,5,0,6,'0000-00-00','0000-00-00',1,'2015-01-07 12:16:44','2015-01-07 12:16:44'),(247,87,100,6,10,0,12,'2013-06-10','0000-00-00',1,'2015-01-07 12:20:24','2015-01-07 12:20:24'),(253,88,100,1,10,0,26,'2012-12-31','0000-00-00',1,'2015-01-13 11:51:56','2015-01-13 11:51:56'),(249,89,100,1,10,0,33,'0000-00-00','0000-00-00',1,'2015-01-12 10:02:21','2015-01-12 10:02:21'),(251,90,100,1,10,0,26,'2012-05-04','0000-00-00',1,'2015-01-12 16:21:15','2015-01-12 16:21:15'),(254,91,100,1,10,0,5,'2011-12-01','0000-00-00',1,'2015-01-13 11:55:15','2015-01-13 11:55:15'),(255,92,100,1,10,0,34,'0000-00-00','0000-00-00',1,'2015-01-14 11:55:59','2015-01-14 11:55:59'),(256,93,100,1,10,0,35,'0000-00-00','0000-00-00',1,'2015-01-14 15:51:45','2015-01-14 15:51:45'),(257,94,100,1,10,0,35,'0000-00-00','0000-00-00',1,'2015-01-14 15:53:05','2015-01-14 15:53:05'),(258,95,100,1,15,0,5,'0000-00-00','0000-00-00',1,'2015-01-20 15:55:36','2015-01-20 15:55:36'),(259,96,100,1,10,0,27,'0000-00-00','0000-00-00',1,'2015-01-22 06:36:51','2015-01-22 06:36:51'),(261,98,100,1,10,0,45,'0000-00-00','0000-00-00',1,'2015-02-11 17:42:45','2015-02-11 17:42:45'),(263,100,100,1,10,0,44,'0000-00-00','0000-00-00',1,'2015-03-20 16:53:43','2015-03-20 16:53:43'),(264,101,100,1,10,0,44,'0000-00-00','0000-00-00',1,'2015-03-20 18:54:13','2015-03-20 18:54:13');
/*!40000 ALTER TABLE `ownerships` ENABLE KEYS */;
UNLOCK TABLES;

--
-- Table structure for table `password_resets`
--

DROP TABLE IF EXISTS `password_resets`;
/*!40101 SET @saved_cs_client     = @@character_set_client */;
/*!40101 SET character_set_client = utf8 */;
CREATE TABLE `password_resets` (
  `email` varchar(255) COLLATE utf8_unicode_ci NOT NULL,
  `token` varchar(255) COLLATE utf8_unicode_ci NOT NULL,
  `created_at` timestamp NOT NULL DEFAULT '0000-00-00 00:00:00',
  KEY `password_resets_email_index` (`email`),
  KEY `password_resets_token_index` (`token`)
) ENGINE=InnoDB DEFAULT CHARSET=utf8 COLLATE=utf8_unicode_ci;
/*!40101 SET character_set_client = @saved_cs_client */;

--
-- Dumping data for table `password_resets`
--

LOCK TABLES `password_resets` WRITE;
/*!40000 ALTER TABLE `password_resets` DISABLE KEYS */;
/*!40000 ALTER TABLE `password_resets` ENABLE KEYS */;
UNLOCK TABLES;

--
-- Table structure for table `policy_loans`
--

DROP TABLE IF EXISTS `policy_loans`;
/*!40101 SET @saved_cs_client     = @@character_set_client */;
/*!40101 SET character_set_client = utf8 */;
CREATE TABLE `policy_loans` (
  `id` int(11) NOT NULL AUTO_INCREMENT,
  `bond_id` int(11) NOT NULL DEFAULT '0',
  `policy_loan` decimal(16,6) NOT NULL DEFAULT '0.000000',
  `policy_loan_date` date NOT NULL DEFAULT '0000-00-00',
  `capital_repayment` decimal(16,6) NOT NULL DEFAULT '0.000000',
  `user_id` int(11) NOT NULL DEFAULT '0',
  `created_at` timestamp NOT NULL DEFAULT CURRENT_TIMESTAMP,
  `updated_at` timestamp NOT NULL DEFAULT '0000-00-00 00:00:00',
  PRIMARY KEY (`id`)
) ENGINE=MyISAM AUTO_INCREMENT=16 DEFAULT CHARSET=latin1;
/*!40101 SET character_set_client = @saved_cs_client */;

--
-- Dumping data for table `policy_loans`
--

LOCK TABLES `policy_loans` WRITE;
/*!40000 ALTER TABLE `policy_loans` DISABLE KEYS */;
INSERT INTO `policy_loans` VALUES (13,56,2500.000000,'2014-07-13',250.000000,1,'2014-08-22 08:06:57','2014-08-22 08:06:57'),(15,64,3000.000000,'2005-03-05',100.000000,1,'2014-11-23 19:17:12','2014-11-23 19:17:12');
/*!40000 ALTER TABLE `policy_loans` ENABLE KEYS */;
UNLOCK TABLES;

--
-- Table structure for table `policyholders`
--

DROP TABLE IF EXISTS `policyholders`;
/*!40101 SET @saved_cs_client     = @@character_set_client */;
/*!40101 SET character_set_client = utf8 */;
CREATE TABLE `policyholders` (
  `id` int(11) NOT NULL AUTO_INCREMENT,
  `policyholder_type` tinyint(4) NOT NULL DEFAULT '0',
  `title` varchar(10) NOT NULL DEFAULT '6',
  `first_name` varchar(100) NOT NULL DEFAULT '',
  `surname` varchar(75) NOT NULL DEFAULT '',
  `dob` date NOT NULL DEFAULT '0000-00-00',
  `gross_income` decimal(16,6) NOT NULL DEFAULT '0.000000',
  `allowances` decimal(16,6) NOT NULL DEFAULT '0.000000',
  `user_id` int(11) NOT NULL DEFAULT '0',
  `deceased` tinyint(1) NOT NULL DEFAULT '0',
  `deceased_on` date NOT NULL DEFAULT '0000-00-00',
  `uk_resident` tinyint(1) NOT NULL DEFAULT '1',
  `created_at` timestamp NOT NULL DEFAULT CURRENT_TIMESTAMP,
  `updated_at` timestamp NOT NULL DEFAULT '0000-00-00 00:00:00',
  PRIMARY KEY (`id`)
) ENGINE=MyISAM AUTO_INCREMENT=46 DEFAULT CHARSET=latin1;
/*!40101 SET character_set_client = @saved_cs_client */;

--
-- Dumping data for table `policyholders`
--

LOCK TABLES `policyholders` WRITE;
/*!40000 ALTER TABLE `policyholders` DISABLE KEYS */;
INSERT INTO `policyholders` VALUES (1,0,'','Jack','Sparrow','1967-05-13',23500.000000,4895.000000,1,0,'0000-00-00',1,'2007-02-25 13:47:14','0000-00-00 00:00:00'),(11,0,'','John','Smith','1954-12-11',32100.000000,4895.000000,1,0,'0000-00-00',1,'2007-03-10 07:54:30','2007-03-10 07:54:30'),(4,0,'','John','Fish','1937-12-11',39625.000000,10660.000000,1,0,'0000-00-00',1,'2007-02-25 13:47:14','2014-12-14 17:45:46'),(5,0,'0','Joe','Poodly','1962-12-12',57500.000000,4895.000000,1,1,'2006-12-11',1,'2007-02-25 13:47:14','2015-01-13 11:58:20'),(6,0,'','Jacx','JIOP','1956-12-12',23333.000000,4895.000000,1,0,'0000-00-00',1,'2007-02-25 13:47:14','0000-00-00 00:00:00'),(7,0,'','James','TheCat','1929-11-23',29000.000000,4895.000000,1,1,'2006-11-23',0,'2007-02-25 21:54:48','0000-00-00 00:00:00'),(8,0,'0','JJ','KAK','1981-12-11',49000.000000,10000.000000,1,0,'0000-00-00',1,'2007-02-25 22:22:54','2015-01-11 18:00:20'),(10,0,'','Clive','Dunbar','1948-12-12',42555.000000,10000.000000,1,0,'0000-00-00',1,'2007-02-27 17:24:31','2014-06-03 08:46:10'),(12,0,'','Joan','Smith','1961-07-09',13000.000000,4895.000000,1,0,'0000-00-00',1,'2007-03-10 07:54:59','2007-03-10 07:54:59'),(13,0,'','Edward','Garnett','1953-05-02',34335.000000,10000.000000,1,0,'0000-00-00',1,'2007-04-03 18:20:24','2014-06-01 13:59:49'),(14,0,'','Karl','Kamel','1940-11-10',40855.000000,7550.000000,1,0,'0000-00-00',1,'2007-04-04 19:42:10','2007-09-04 15:20:43'),(16,0,'','Dibble','Zacko','1949-12-11',33000.000000,5435.000000,1,0,'0000-00-00',1,'2007-04-17 21:29:56','2008-04-22 18:12:26'),(17,0,'','Jackie','Zacko','1955-12-11',13000.000000,6045.000000,1,0,'0000-00-00',1,'2007-04-17 21:33:12','2009-04-14 12:36:15'),(18,0,'','Bill','Jones','1973-03-02',43000.000000,10000.000000,1,0,'0000-00-00',1,'2007-10-11 20:46:40','2014-06-03 11:58:00'),(19,0,'','John','JUMPER-JONES','1965-02-03',59555.000000,10000.000000,1,1,'2014-03-05',1,'2008-04-22 17:49:05','2014-06-01 13:48:35'),(20,0,'','Deborah','Dunbar','1953-10-12',19500.000000,10000.000000,1,0,'0000-00-00',1,'2009-03-04 20:32:55','2014-06-03 18:21:27'),(25,0,'','Ramon','Blade','1963-12-12',45665.000000,10000.000000,1,0,'0000-00-00',1,'2014-06-23 20:32:00','2014-06-23 20:32:00'),(26,0,'2','Julie','Abrahms','1963-03-01',37355.000000,10000.000000,1,0,'0000-00-00',1,'2014-12-12 09:27:19','2015-02-09 20:30:28'),(27,0,'','Colin','Hunt','1959-03-01',39605.000000,10000.000000,1,0,'0000-00-00',1,'2014-12-13 07:21:36','2014-12-13 14:10:47'),(28,0,'','Colin','Smith','1947-03-01',21045.000000,10600.000000,1,0,'0000-00-00',1,'2014-12-14 11:40:48','2014-12-14 11:40:48'),(29,0,'','Janet','Humphrey-Sloane','1951-03-01',40055.000000,6340.000000,1,0,'0000-00-00',1,'2014-12-14 11:41:18','2014-12-14 20:09:25'),(30,0,'','Jacob','Arnold','1955-09-13',37865.000000,10000.000000,1,0,'0000-00-00',1,'2014-12-14 18:12:36','2014-12-14 18:12:36'),(31,0,'0','Alberto','Faust','1967-12-13',31865.000000,10000.000000,1,0,'0000-00-00',1,'2014-12-19 07:36:57','2015-01-08 06:43:19'),(33,0,'0','Robert','Jones','1959-03-03',157500.000000,10000.000000,1,0,'0000-00-00',1,'2015-01-12 09:38:42','2015-01-12 09:49:35'),(34,0,'0','Peter','Jones','1961-11-10',75000.000000,10000.000000,1,0,'0000-00-00',1,'2015-01-14 11:54:28','2015-01-14 11:54:28'),(35,0,'0','Joshua','Hanratty','1959-05-13',36565.000000,10000.000000,1,0,'0000-00-00',1,'2015-01-14 15:50:08','2015-01-14 15:50:08'),(43,0,'0','John','Dibble','1973-05-05',29055.000000,10000.000000,1,0,'0000-00-00',1,'2015-01-22 16:24:10','2015-01-22 16:24:10'),(44,0,'0','John Sebastian','Von Doom','1967-05-19',29000.000000,10000.000000,1,0,'0000-00-00',1,'2015-01-22 17:49:15','2015-01-22 17:49:15'),(45,0,'0','Ex ','Ample','1957-11-10',25000.000000,10000.000000,1,0,'0000-00-00',1,'2015-02-11 17:25:48','2015-02-11 17:25:48');
/*!40000 ALTER TABLE `policyholders` ENABLE KEYS */;
UNLOCK TABLES;

--
-- Table structure for table `relationship_types`
--

DROP TABLE IF EXISTS `relationship_types`;
/*!40101 SET @saved_cs_client     = @@character_set_client */;
/*!40101 SET character_set_client = utf8 */;
CREATE TABLE `relationship_types` (
  `relationship_id` tinyint(4) NOT NULL DEFAULT '0',
  `relationship_type` varchar(50) NOT NULL DEFAULT '',
  PRIMARY KEY (`relationship_id`)
) ENGINE=MyISAM DEFAULT CHARSET=latin1;
/*!40101 SET character_set_client = @saved_cs_client */;

--
-- Dumping data for table `relationship_types`
--

LOCK TABLES `relationship_types` WRITE;
/*!40000 ALTER TABLE `relationship_types` DISABLE KEYS */;
INSERT INTO `relationship_types` VALUES (1,'Wife'),(2,'Husband'),(3,'Beneficiary'),(4,'Trustee'),(5,'Civil Partner'),(6,'Cohabitant'),(7,'Common Law Spouse'),(8,'Fiancee'),(9,'Girlfriend'),(10,'Boyfriend'),(11,'Business Partner'),(12,'Debtor'),(13,'Employer'),(14,'Father'),(15,'Mother'),(16,'Legal Guardian'),(17,'Son'),(18,'Daughter'),(19,'Dependant'),(20,'Brother'),(21,'Sister'),(22,'Grandmother'),(23,'Grandfather'),(24,'Grandson'),(25,'Granddaughter'),(26,'Relative'),(27,'Godmother'),(28,'Godfather'),(29,'Godson'),(30,'Goddaughter');
/*!40000 ALTER TABLE `relationship_types` ENABLE KEYS */;
UNLOCK TABLES;

--
-- Table structure for table `relationships`
--

DROP TABLE IF EXISTS `relationships`;
/*!40101 SET @saved_cs_client     = @@character_set_client */;
/*!40101 SET character_set_client = utf8 */;
CREATE TABLE `relationships` (
  `id` int(11) NOT NULL AUTO_INCREMENT,
  `policyholder_id` int(11) NOT NULL DEFAULT '0',
  `linked_policyholder` int(11) NOT NULL DEFAULT '0',
  `relationship_id` tinyint(4) NOT NULL DEFAULT '0',
  `created_at` timestamp NOT NULL DEFAULT CURRENT_TIMESTAMP,
  `updated_at` timestamp NOT NULL DEFAULT '0000-00-00 00:00:00',
  PRIMARY KEY (`id`)
) ENGINE=MyISAM AUTO_INCREMENT=63 DEFAULT CHARSET=latin1;
/*!40101 SET character_set_client = @saved_cs_client */;

--
-- Dumping data for table `relationships`
--

LOCK TABLES `relationships` WRITE;
/*!40000 ALTER TABLE `relationships` DISABLE KEYS */;
INSERT INTO `relationships` VALUES (31,20,10,2,'2014-12-18 07:45:42','2014-12-18 07:45:42'),(30,10,20,1,'2014-12-18 07:45:42','2014-12-18 07:45:42'),(49,16,11,24,'2014-12-18 15:39:08','2014-12-18 15:39:08'),(48,17,16,2,'2014-12-18 15:38:59','2014-12-18 15:38:59'),(47,16,17,1,'2014-12-18 15:38:59','2014-12-18 15:38:59'),(50,39,26,4,'2015-01-22 09:23:16','2015-01-22 09:23:16'),(53,43,26,4,'2015-01-22 16:25:04','2015-01-22 16:25:04'),(54,44,4,23,'2015-01-22 17:50:06','2015-01-22 17:50:06');
/*!40000 ALTER TABLE `relationships` ENABLE KEYS */;
UNLOCK TABLES;

--
-- Table structure for table `segments`
--

DROP TABLE IF EXISTS `segments`;
/*!40101 SET @saved_cs_client     = @@character_set_client */;
/*!40101 SET character_set_client = utf8 */;
CREATE TABLE `segments` (
  `id` int(11) NOT NULL AUTO_INCREMENT,
  `bond_id` int(11) NOT NULL DEFAULT '0',
  `segment_amount` decimal(16,6) DEFAULT '0.000000',
  `encashment_proceeds` decimal(16,6) DEFAULT '0.000000',
  `increment_id` int(11) NOT NULL DEFAULT '0',
  `user_id` int(11) NOT NULL DEFAULT '0',
  `created_at` timestamp NOT NULL DEFAULT CURRENT_TIMESTAMP,
  `updated_at` timestamp NOT NULL DEFAULT '0000-00-00 00:00:00',
  PRIMARY KEY (`id`)
) ENGINE=MyISAM AUTO_INCREMENT=2970 DEFAULT CHARSET=latin1;
/*!40101 SET character_set_client = @saved_cs_client */;

--
-- Dumping data for table `segments`
--

LOCK TABLES `segments` WRITE;
/*!40000 ALTER TABLE `segments` DISABLE KEYS */;
INSERT INTO `segments` VALUES (2499,64,2000.000000,2103.666700,125,1,'2014-11-23 19:16:39','2014-11-23 19:16:39'),(2498,64,2000.000000,2103.666700,125,1,'2014-11-23 19:16:39','2014-11-23 19:16:39'),(2497,64,2000.000000,2103.666700,125,1,'2014-11-23 19:16:39','2014-11-23 19:16:39'),(2496,64,2000.000000,2103.666700,125,1,'2014-11-23 19:16:39','2014-11-23 19:16:39'),(2495,64,2000.000000,2103.666700,125,1,'2014-11-23 19:16:39','2014-11-23 19:16:39'),(2494,64,1375.000000,2103.666700,0,1,'2014-11-23 19:16:09','2014-11-23 19:16:09'),(2493,64,1375.000000,2103.666700,0,1,'2014-11-23 19:16:09','2014-11-23 19:16:09'),(2492,64,1375.000000,2103.666700,0,1,'2014-11-23 19:16:09','2014-11-23 19:16:09'),(2491,64,1375.000000,2103.666700,0,1,'2014-11-23 19:16:09','2014-11-23 19:16:09'),(2490,64,1375.000000,2103.666700,0,1,'2014-11-23 19:16:09','2014-11-23 19:16:09'),(2489,64,1375.000000,2103.666700,0,1,'2014-11-23 19:16:09','2014-11-23 19:16:09'),(2488,64,1375.000000,2103.666700,0,1,'2014-11-23 19:16:09','2014-11-23 19:16:09'),(2487,64,1375.000000,2103.666700,0,1,'2014-11-23 19:16:09','2014-11-23 19:16:09'),(2486,64,1375.000000,2103.666700,0,1,'2014-11-23 19:16:09','2014-11-23 19:16:09'),(2485,64,1375.000000,2103.666700,0,1,'2014-11-23 19:16:09','2014-11-23 19:16:09'),(2019,52,5000.000000,8999.540000,0,1,'2014-08-19 22:17:54','2014-08-19 22:17:54'),(2018,52,5000.000000,8999.540000,0,1,'2014-08-19 22:17:54','2014-08-19 22:17:54'),(2017,52,5000.000000,8999.540000,0,1,'2014-08-19 22:17:54','2014-08-19 22:17:54'),(2016,52,5000.000000,8999.540000,0,1,'2014-08-19 22:17:54','2014-08-19 22:17:54'),(2015,52,5000.000000,8999.540000,0,1,'2014-08-19 22:17:54','2014-08-19 22:17:54'),(2014,52,5000.000000,8999.540000,0,1,'2014-08-19 22:17:54','2014-08-19 22:17:54'),(2013,52,5000.000000,8999.540000,0,1,'2014-08-19 22:17:54','2014-08-19 22:17:54'),(2012,52,5000.000000,8999.540000,0,1,'2014-08-19 22:17:54','2014-08-19 22:17:54'),(2011,52,5000.000000,8999.540000,0,1,'2014-08-19 22:17:54','2014-08-19 22:17:54'),(2010,52,5000.000000,8999.540000,0,1,'2014-08-19 22:17:54','2014-08-19 22:17:54'),(2020,53,5000.000000,8593.540000,0,1,'2014-08-19 23:16:34','2014-08-19 23:16:34'),(2021,53,5000.000000,8593.540000,0,1,'2014-08-19 23:16:34','2014-08-19 23:16:34'),(2022,53,5000.000000,8593.540000,0,1,'2014-08-19 23:16:34','2014-08-19 23:16:34'),(2023,53,5000.000000,8593.540000,0,1,'2014-08-19 23:16:34','2014-08-19 23:16:34'),(2024,53,5000.000000,8593.540000,0,1,'2014-08-19 23:16:34','2014-08-19 23:16:34'),(2025,53,5000.000000,8593.540000,0,1,'2014-08-19 23:16:34','2014-08-19 23:16:34'),(2026,53,5000.000000,8593.540000,0,1,'2014-08-19 23:16:34','2014-08-19 23:16:34'),(2027,53,5000.000000,8593.540000,0,1,'2014-08-19 23:16:34','2014-08-19 23:16:34'),(2028,53,5000.000000,8593.540000,0,1,'2014-08-19 23:16:34','2014-08-19 23:16:34'),(2029,53,5000.000000,8593.540000,0,1,'2014-08-19 23:16:34','2014-08-19 23:16:34'),(2030,54,1000.000000,1579.780000,0,1,'2014-08-20 10:27:16','2014-08-20 10:27:16'),(2031,54,1000.000000,1579.780000,0,1,'2014-08-20 10:27:16','2014-08-20 10:27:16'),(2032,54,1000.000000,1579.780000,0,1,'2014-08-20 10:27:16','2014-08-20 10:27:16'),(2033,54,1000.000000,1579.780000,0,1,'2014-08-20 10:27:16','2014-08-20 10:27:16'),(2034,54,1000.000000,1579.780000,0,1,'2014-08-20 10:27:16','2014-08-20 10:27:16'),(2035,54,1000.000000,1579.780000,0,1,'2014-08-20 10:27:16','2014-08-20 10:27:16'),(2036,54,1000.000000,1579.780000,0,1,'2014-08-20 10:27:16','2014-08-20 10:27:16'),(2037,54,1000.000000,1579.780000,0,1,'2014-08-20 10:27:16','2014-08-20 10:27:16'),(2038,54,1000.000000,1579.780000,0,1,'2014-08-20 10:27:16','2014-08-20 10:27:16'),(2039,54,1000.000000,1579.780000,0,1,'2014-08-20 10:27:16','2014-08-20 10:27:16'),(2040,55,1000.000000,1577.730000,0,1,'2014-08-20 11:27:45','2014-08-20 11:27:45'),(2041,55,1000.000000,1577.730000,0,1,'2014-08-20 11:27:45','2014-08-20 11:27:45'),(2042,55,1000.000000,1577.730000,0,1,'2014-08-20 11:27:45','2014-08-20 11:27:45'),(2043,55,1000.000000,1577.730000,0,1,'2014-08-20 11:27:45','2014-08-20 11:27:45'),(2044,55,1000.000000,1577.730000,0,1,'2014-08-20 11:27:45','2014-08-20 11:27:45'),(2045,55,1000.000000,1577.730000,0,1,'2014-08-20 11:27:45','2014-08-20 11:27:45'),(2046,55,1000.000000,1577.730000,0,1,'2014-08-20 11:27:45','2014-08-20 11:27:45'),(2047,55,1000.000000,1577.730000,0,1,'2014-08-20 11:27:45','2014-08-20 11:27:45'),(2048,55,1000.000000,1577.730000,0,1,'2014-08-20 11:27:45','2014-08-20 11:27:45'),(2049,55,1000.000000,1577.730000,0,1,'2014-08-20 11:27:45','2014-08-20 11:27:45'),(2294,57,5000.000000,5703.670000,0,1,'2014-09-08 16:30:44','2014-09-08 16:30:44'),(2293,57,5000.000000,5703.670000,0,1,'2014-09-08 16:30:44','2014-09-08 16:30:44'),(2292,57,5000.000000,5703.670000,0,1,'2014-09-08 16:30:44','2014-09-08 16:30:44'),(2291,57,5000.000000,5703.670000,0,1,'2014-09-08 16:30:44','2014-09-08 16:30:44'),(2290,57,5000.000000,5703.670000,0,1,'2014-09-08 16:30:44','2014-09-08 16:30:44'),(2289,57,5000.000000,5703.670000,0,1,'2014-09-08 16:30:44','2014-09-08 16:30:44'),(2288,57,5000.000000,5703.670000,0,1,'2014-09-08 16:30:44','2014-09-08 16:30:44'),(2287,57,5000.000000,5703.670000,0,1,'2014-09-08 16:30:44','2014-09-08 16:30:44'),(2286,57,5000.000000,5703.670000,0,1,'2014-09-08 16:30:44','2014-09-08 16:30:44'),(2285,57,5000.000000,5703.670000,0,1,'2014-09-08 16:30:44','2014-09-08 16:30:44'),(2329,56,1000.000000,3052.670000,0,1,'2014-09-08 21:23:48','2014-09-08 21:23:48'),(2328,56,1000.000000,3052.670000,0,1,'2014-09-08 21:23:48','2014-09-08 21:23:48'),(2327,56,1000.000000,3052.670000,0,1,'2014-09-08 21:23:48','2014-09-08 21:23:48'),(2326,56,1000.000000,3052.670000,0,1,'2014-09-08 21:23:48','2014-09-08 21:23:48'),(2325,56,1000.000000,3052.670000,0,1,'2014-09-08 21:23:48','2014-09-08 21:23:48'),(2324,56,1000.000000,3052.670000,0,1,'2014-09-08 21:23:48','2014-09-08 21:23:48'),(2323,56,1000.000000,3052.670000,0,1,'2014-09-08 21:23:48','2014-09-08 21:23:48'),(2322,56,1000.000000,3052.670000,0,1,'2014-09-08 21:23:48','2014-09-08 21:23:48'),(2321,56,1000.000000,3052.670000,0,1,'2014-09-08 21:23:48','2014-09-08 21:23:48'),(2320,56,1000.000000,3052.670000,0,1,'2014-09-08 21:23:48','2014-09-08 21:23:48'),(2319,57,1000.000000,5703.670000,114,1,'2014-09-08 17:10:08','2014-09-08 17:10:08'),(2318,57,1000.000000,5703.670000,114,1,'2014-09-08 17:10:08','2014-09-08 17:10:08'),(2317,57,1000.000000,5703.670000,114,1,'2014-09-08 17:10:08','2014-09-08 17:10:08'),(2316,57,1000.000000,5703.670000,114,1,'2014-09-08 17:10:08','2014-09-08 17:10:08'),(2315,57,1000.000000,5703.670000,114,1,'2014-09-08 17:10:08','2014-09-08 17:10:08'),(2335,56,1000.000000,2289.500000,117,1,'2014-09-08 20:49:42','2014-09-08 20:49:42'),(2336,56,1000.000000,2289.500000,117,1,'2014-09-08 20:49:42','2014-09-08 20:49:42'),(2337,56,1000.000000,2289.500000,117,1,'2014-09-08 20:49:42','2014-09-08 20:49:42'),(2338,56,1000.000000,2289.500000,117,1,'2014-09-08 20:49:42','2014-09-08 20:49:42'),(2339,56,1000.000000,2289.500000,117,1,'2014-09-08 20:49:42','2014-09-08 20:49:42'),(2340,56,1000.000000,2289.500000,117,1,'2014-09-08 20:49:42','2014-09-08 20:49:42'),(2341,56,1000.000000,2289.500000,117,1,'2014-09-08 20:49:42','2014-09-08 20:49:42'),(2342,56,1000.000000,2289.500000,117,1,'2014-09-08 20:49:42','2014-09-08 20:49:42'),(2343,56,1000.000000,2289.500000,117,1,'2014-09-08 20:49:42','2014-09-08 20:49:42'),(2344,56,1000.000000,2289.500000,117,1,'2014-09-08 20:49:42','2014-09-08 20:49:42'),(2359,56,600.000000,3052.670000,120,1,'2014-09-08 21:16:36','2014-09-08 21:16:36'),(2358,56,600.000000,3052.670000,120,1,'2014-09-08 21:16:36','2014-09-08 21:16:36'),(2357,56,600.000000,3052.670000,120,1,'2014-09-08 21:16:36','2014-09-08 21:16:36'),(2356,56,600.000000,3052.670000,120,1,'2014-09-08 21:16:36','2014-09-08 21:16:36'),(2355,56,600.000000,3052.670000,120,1,'2014-09-08 21:16:36','2014-09-08 21:16:36'),(2360,58,5000.000000,8000.000000,0,1,'2014-09-18 12:55:08','2014-09-19 07:57:14'),(2361,58,5000.000000,8000.000000,0,1,'2014-09-18 12:55:08','2014-09-19 07:57:14'),(2362,58,5000.000000,8000.000000,0,1,'2014-09-18 12:55:08','2014-09-19 07:57:14'),(2363,58,5000.000000,8000.000000,0,1,'2014-09-18 12:55:08','2014-09-19 07:57:14'),(2364,58,5000.000000,8000.000000,0,1,'2014-09-18 12:55:08','2014-09-19 07:57:14'),(2365,58,5000.000000,8000.000000,0,1,'2014-09-18 12:55:08','2014-09-19 07:57:14'),(2366,58,5000.000000,8000.000000,0,1,'2014-09-18 12:55:08','2014-09-19 07:57:14'),(2367,58,5000.000000,8000.000000,0,1,'2014-09-18 12:55:08','2014-09-19 07:57:14'),(2368,58,5000.000000,8000.000000,0,1,'2014-09-18 12:55:08','2014-09-19 07:57:14'),(2369,58,5000.000000,8000.000000,0,1,'2014-09-18 12:55:08','2014-09-19 07:57:14'),(2370,59,2375.000000,3900.000000,0,1,'2014-09-19 19:30:24','2014-09-19 19:30:24'),(2371,59,2375.000000,3900.000000,0,1,'2014-09-19 19:30:24','2014-09-19 19:30:24'),(2372,59,2375.000000,3900.000000,0,1,'2014-09-19 19:30:24','2014-09-19 19:30:24'),(2373,59,2375.000000,3900.000000,0,1,'2014-09-19 19:30:24','2014-09-19 19:30:24'),(2374,59,2375.000000,3900.000000,0,1,'2014-09-19 19:30:24','2014-09-19 19:30:24'),(2375,59,2375.000000,3900.000000,0,1,'2014-09-19 19:30:24','2014-09-19 19:30:24'),(2376,59,2375.000000,3900.000000,0,1,'2014-09-19 19:30:24','2014-09-19 19:30:24'),(2377,59,2375.000000,3900.000000,0,1,'2014-09-19 19:30:24','2014-09-19 19:30:24'),(2378,59,2375.000000,3900.000000,0,1,'2014-09-19 19:30:24','2014-09-19 19:30:24'),(2379,59,2375.000000,3900.000000,0,1,'2014-09-19 19:30:24','2014-09-19 19:30:24'),(2380,60,5000.000000,6000.000000,0,1,'2014-09-30 11:16:41','2014-09-30 11:16:41'),(2381,60,5000.000000,6000.000000,0,1,'2014-09-30 11:16:41','2014-09-30 11:16:41'),(2382,60,5000.000000,6000.000000,0,1,'2014-09-30 11:16:41','2014-09-30 11:16:41'),(2383,60,5000.000000,6000.000000,0,1,'2014-09-30 11:16:41','2014-09-30 11:16:41'),(2384,60,5000.000000,6000.000000,0,1,'2014-09-30 11:16:41','2014-09-30 11:16:41'),(2385,60,5000.000000,6000.000000,0,1,'2014-09-30 11:16:41','2014-09-30 11:16:41'),(2386,60,5000.000000,6000.000000,0,1,'2014-09-30 11:16:41','2014-09-30 11:16:41'),(2387,60,5000.000000,6000.000000,0,1,'2014-09-30 11:16:41','2014-09-30 11:16:41'),(2388,60,5000.000000,6000.000000,0,1,'2014-09-30 11:16:41','2014-09-30 11:16:41'),(2389,60,5000.000000,6000.000000,0,1,'2014-09-30 11:16:41','2014-09-30 11:16:41'),(2390,60,2000.000000,6000.000000,121,1,'2014-09-30 11:17:24','2014-09-30 11:17:24'),(2391,60,2000.000000,6000.000000,121,1,'2014-09-30 11:17:24','2014-09-30 11:17:24'),(2392,60,2000.000000,6000.000000,121,1,'2014-09-30 11:17:24','2014-09-30 11:17:24'),(2393,60,2000.000000,6000.000000,121,1,'2014-09-30 11:17:24','2014-09-30 11:17:24'),(2394,60,2000.000000,6000.000000,121,1,'2014-09-30 11:17:24','2014-09-30 11:17:24'),(2395,41,2500.000000,7000.000000,0,1,'2014-10-03 08:54:44','2014-10-03 08:54:44'),(2396,41,2500.000000,7000.000000,0,1,'2014-10-03 08:54:44','2014-10-03 08:54:44'),(2397,41,2500.000000,7000.000000,0,1,'2014-10-03 08:54:44','2014-10-03 08:54:44'),(2398,41,2500.000000,7000.000000,0,1,'2014-10-03 08:54:44','2014-10-03 08:54:44'),(2399,41,2500.000000,7000.000000,0,1,'2014-10-03 08:54:44','2014-10-03 08:54:44'),(2400,41,2500.000000,7000.000000,0,1,'2014-10-03 08:54:44','2014-10-03 08:54:44'),(2401,41,2500.000000,7000.000000,0,1,'2014-10-03 08:54:44','2014-10-03 08:54:44'),(2402,41,2500.000000,7000.000000,0,1,'2014-10-03 08:54:44','2014-10-03 08:54:44'),(2403,41,2500.000000,7000.000000,0,1,'2014-10-03 08:54:44','2014-10-03 08:54:44'),(2404,41,2500.000000,7000.000000,0,1,'2014-10-03 08:54:44','2014-10-03 08:54:44'),(2405,61,500.000000,900.000000,0,1,'2014-10-17 11:42:32','2014-10-17 11:42:32'),(2406,61,500.000000,900.000000,0,1,'2014-10-17 11:42:32','2014-10-17 11:42:32'),(2407,61,500.000000,900.000000,0,1,'2014-10-17 11:42:32','2014-10-17 11:42:32'),(2408,61,500.000000,900.000000,0,1,'2014-10-17 11:42:32','2014-10-17 11:42:32'),(2409,61,500.000000,900.000000,0,1,'2014-10-17 11:42:32','2014-10-17 11:42:32'),(2410,61,500.000000,900.000000,0,1,'2014-10-17 11:42:32','2014-10-17 11:42:32'),(2411,61,500.000000,900.000000,0,1,'2014-10-17 11:42:32','2014-10-17 11:42:32'),(2412,61,500.000000,900.000000,0,1,'2014-10-17 11:42:32','2014-10-17 11:42:32'),(2413,61,500.000000,900.000000,0,1,'2014-10-17 11:42:32','2014-10-17 11:42:32'),(2414,61,500.000000,900.000000,0,1,'2014-10-17 11:42:32','2014-10-17 11:42:32'),(2415,61,500.000000,900.000000,0,1,'2014-10-17 11:42:32','2014-10-17 11:42:32'),(2416,61,500.000000,900.000000,0,1,'2014-10-17 11:42:32','2014-10-17 11:42:32'),(2417,61,500.000000,900.000000,0,1,'2014-10-17 11:42:32','2014-10-17 11:42:32'),(2418,61,500.000000,900.000000,0,1,'2014-10-17 11:42:32','2014-10-17 11:42:32'),(2419,61,500.000000,900.000000,0,1,'2014-10-17 11:42:32','2014-10-17 11:42:32'),(2420,61,500.000000,900.000000,0,1,'2014-10-17 11:42:32','2014-10-17 11:42:32'),(2421,61,500.000000,900.000000,0,1,'2014-10-17 11:42:32','2014-10-17 11:42:32'),(2422,61,500.000000,900.000000,0,1,'2014-10-17 11:42:32','2014-10-17 11:42:32'),(2423,61,500.000000,900.000000,0,1,'2014-10-17 11:42:32','2014-10-17 11:42:32'),(2424,61,500.000000,900.000000,0,1,'2014-10-17 11:42:32','2014-10-17 11:42:32'),(2425,61,500.000000,900.000000,122,1,'2014-10-17 11:43:28','2014-10-17 11:43:28'),(2426,61,500.000000,900.000000,122,1,'2014-10-17 11:43:28','2014-10-17 11:43:28'),(2427,61,500.000000,900.000000,122,1,'2014-10-17 11:43:28','2014-10-17 11:43:28'),(2428,61,500.000000,900.000000,122,1,'2014-10-17 11:43:28','2014-10-17 11:43:28'),(2429,61,500.000000,900.000000,122,1,'2014-10-17 11:43:28','2014-10-17 11:43:28'),(2430,61,500.000000,900.000000,122,1,'2014-10-17 11:43:28','2014-10-17 11:43:28'),(2431,61,500.000000,900.000000,122,1,'2014-10-17 11:43:28','2014-10-17 11:43:28'),(2432,61,500.000000,900.000000,122,1,'2014-10-17 11:43:28','2014-10-17 11:43:28'),(2433,61,500.000000,900.000000,122,1,'2014-10-17 11:43:28','2014-10-17 11:43:28'),(2434,61,500.000000,900.000000,122,1,'2014-10-17 11:43:28','2014-10-17 11:43:28'),(2435,62,4579.900000,4681.890000,0,1,'2014-10-20 17:04:19','2014-10-20 17:04:19'),(2436,62,4579.900000,4681.890000,0,1,'2014-10-20 17:04:19','2014-10-20 17:04:19'),(2437,62,4579.900000,4681.890000,0,1,'2014-10-20 17:04:19','2014-10-20 17:04:19'),(2438,62,4579.900000,4681.890000,0,1,'2014-10-20 17:04:19','2014-10-20 17:04:19'),(2439,62,4579.900000,4681.890000,0,1,'2014-10-20 17:04:19','2014-10-20 17:04:19'),(2440,62,4579.900000,4681.890000,0,1,'2014-10-20 17:04:19','2014-10-20 17:04:19'),(2441,62,4579.900000,4681.890000,0,1,'2014-10-20 17:04:19','2014-10-20 17:04:19'),(2442,62,4579.900000,4681.890000,0,1,'2014-10-20 17:04:19','2014-10-20 17:04:19'),(2443,62,4579.900000,4681.890000,0,1,'2014-10-20 17:04:19','2014-10-20 17:04:19'),(2444,62,4579.900000,4681.890000,0,1,'2014-10-20 17:04:19','2014-10-20 17:04:19'),(2445,62,2000.000000,4681.890000,124,1,'2014-10-20 17:04:49','2014-10-20 17:04:49'),(2446,62,2000.000000,4681.890000,124,1,'2014-10-20 17:04:49','2014-10-20 17:04:49'),(2447,62,2000.000000,4681.890000,124,1,'2014-10-20 17:04:49','2014-10-20 17:04:49'),(2448,62,2000.000000,4681.890000,124,1,'2014-10-20 17:04:49','2014-10-20 17:04:49'),(2449,62,2000.000000,4681.890000,124,1,'2014-10-20 17:04:49','2014-10-20 17:04:49'),(2450,62,2000.000000,4681.890000,124,1,'2014-10-20 17:04:49','2014-10-20 17:04:49'),(2451,62,2000.000000,4681.890000,124,1,'2014-10-20 17:04:49','2014-10-20 17:04:49'),(2452,62,2000.000000,4681.890000,124,1,'2014-10-20 17:04:49','2014-10-20 17:04:49'),(2453,62,2000.000000,4681.890000,124,1,'2014-10-20 17:04:49','2014-10-20 17:04:49'),(2454,62,2000.000000,4681.890000,124,1,'2014-10-20 17:04:49','2014-10-20 17:04:49'),(2455,63,1500.000000,2895.880000,0,1,'2014-10-26 11:26:11','2014-10-26 11:26:11'),(2456,63,1500.000000,2895.880000,0,1,'2014-10-26 11:26:11','2014-10-26 11:26:11'),(2457,63,1500.000000,2895.880000,0,1,'2014-10-26 11:26:11','2014-10-26 11:26:11'),(2458,63,1500.000000,2895.880000,0,1,'2014-10-26 11:26:11','2014-10-26 11:26:11'),(2459,63,1500.000000,2895.880000,0,1,'2014-10-26 11:26:11','2014-10-26 11:26:11'),(2460,63,1500.000000,2895.880000,0,1,'2014-10-26 11:26:11','2014-10-26 11:26:11'),(2461,63,1500.000000,2895.880000,0,1,'2014-10-26 11:26:11','2014-10-26 11:26:11'),(2462,63,1500.000000,2895.880000,0,1,'2014-10-26 11:26:11','2014-10-26 11:26:11'),(2463,63,1500.000000,2895.880000,0,1,'2014-10-26 11:26:11','2014-10-26 11:26:11'),(2464,63,1500.000000,2895.880000,0,1,'2014-10-26 11:26:11','2014-10-26 11:26:11'),(2500,65,1000.000000,2912.500000,0,1,'2014-12-12 09:28:27','2014-12-12 09:28:27'),(2501,65,1000.000000,2912.500000,0,1,'2014-12-12 09:28:27','2014-12-12 09:28:27'),(2502,65,1000.000000,2912.500000,0,1,'2014-12-12 09:28:27','2014-12-12 09:28:27'),(2503,65,1000.000000,2912.500000,0,1,'2014-12-12 09:28:27','2014-12-12 09:28:27'),(2504,65,1000.000000,2912.500000,0,1,'2014-12-12 09:28:27','2014-12-12 09:28:27'),(2505,65,1000.000000,2912.500000,0,1,'2014-12-12 09:28:27','2014-12-12 09:28:27'),(2506,65,1000.000000,2912.500000,0,1,'2014-12-12 09:28:27','2014-12-12 09:28:27'),(2507,65,1000.000000,2912.500000,0,1,'2014-12-12 09:28:27','2014-12-12 09:28:27'),(2508,65,1000.000000,2912.500000,0,1,'2014-12-12 09:28:27','2014-12-12 09:28:27'),(2509,65,1000.000000,2912.500000,0,1,'2014-12-12 09:28:27','2014-12-12 09:28:27'),(2510,66,1000.000000,2912.500000,0,1,'2014-12-12 09:35:33','2015-02-01 14:38:51'),(2511,66,1000.000000,2912.500000,0,1,'2014-12-12 09:35:33','2015-02-01 14:38:51'),(2512,66,1000.000000,2912.500000,0,1,'2014-12-12 09:35:33','2015-02-01 14:38:51'),(2513,66,1000.000000,2912.500000,0,1,'2014-12-12 09:35:33','2015-02-01 14:38:51'),(2514,66,1000.000000,2912.500000,0,1,'2014-12-12 09:35:33','2015-02-01 14:38:51'),(2515,66,1000.000000,2912.500000,0,1,'2014-12-12 09:35:33','2015-02-01 14:38:51'),(2516,66,1000.000000,2912.500000,0,1,'2014-12-12 09:35:33','2015-02-01 14:38:51'),(2517,66,1000.000000,2912.500000,0,1,'2014-12-12 09:35:33','2015-02-01 14:38:51'),(2518,66,1000.000000,2912.500000,0,1,'2014-12-12 09:35:33','2015-02-01 14:38:51'),(2519,66,1000.000000,2912.500000,0,1,'2014-12-12 09:35:33','2015-02-01 14:38:51'),(2520,67,1000.000000,1900.000000,0,1,'2014-12-12 09:36:16','2014-12-12 09:36:16'),(2521,67,1000.000000,1900.000000,0,1,'2014-12-12 09:36:16','2014-12-12 09:36:16'),(2522,67,1000.000000,1900.000000,0,1,'2014-12-12 09:36:16','2014-12-12 09:36:16'),(2523,67,1000.000000,1900.000000,0,1,'2014-12-12 09:36:16','2014-12-12 09:36:16'),(2524,67,1000.000000,1900.000000,0,1,'2014-12-12 09:36:16','2014-12-12 09:36:16'),(2525,67,1000.000000,1900.000000,0,1,'2014-12-12 09:36:16','2014-12-12 09:36:16'),(2526,67,1000.000000,1900.000000,0,1,'2014-12-12 09:36:16','2014-12-12 09:36:16'),(2527,67,1000.000000,1900.000000,0,1,'2014-12-12 09:36:16','2014-12-12 09:36:16'),(2528,67,1000.000000,1900.000000,0,1,'2014-12-12 09:36:16','2014-12-12 09:36:16'),(2529,67,1000.000000,1900.000000,0,1,'2014-12-12 09:36:16','2014-12-12 09:36:16'),(2530,68,1000.000000,4000.000000,0,1,'2014-12-12 09:36:51','2014-12-12 09:36:51'),(2531,68,1000.000000,4000.000000,0,1,'2014-12-12 09:36:51','2014-12-12 09:36:51'),(2532,68,1000.000000,4000.000000,0,1,'2014-12-12 09:36:51','2014-12-12 09:36:51'),(2533,68,1000.000000,4000.000000,0,1,'2014-12-12 09:36:51','2014-12-12 09:36:51'),(2534,68,1000.000000,4000.000000,0,1,'2014-12-12 09:36:51','2014-12-12 09:36:51'),(2535,68,1000.000000,4000.000000,0,1,'2014-12-12 09:36:51','2014-12-12 09:36:51'),(2536,68,1000.000000,4000.000000,0,1,'2014-12-12 09:36:51','2014-12-12 09:36:51'),(2537,68,1000.000000,4000.000000,0,1,'2014-12-12 09:36:51','2014-12-12 09:36:51'),(2538,68,1000.000000,4000.000000,0,1,'2014-12-12 09:36:51','2014-12-12 09:36:51'),(2539,68,1000.000000,4000.000000,0,1,'2014-12-12 09:36:51','2014-12-12 09:36:51'),(2540,69,1000.000000,2350.000000,0,1,'2014-12-12 09:38:56','2014-12-12 09:38:56'),(2541,69,1000.000000,2350.000000,0,1,'2014-12-12 09:38:56','2014-12-12 09:38:56'),(2542,69,1000.000000,2350.000000,0,1,'2014-12-12 09:38:56','2014-12-12 09:38:56'),(2543,69,1000.000000,2350.000000,0,1,'2014-12-12 09:38:56','2014-12-12 09:38:56'),(2544,69,1000.000000,2350.000000,0,1,'2014-12-12 09:38:56','2014-12-12 09:38:56'),(2545,69,1000.000000,2350.000000,0,1,'2014-12-12 09:38:56','2014-12-12 09:38:56'),(2546,69,1000.000000,2350.000000,0,1,'2014-12-12 09:38:56','2014-12-12 09:38:56'),(2547,69,1000.000000,2350.000000,0,1,'2014-12-12 09:38:56','2014-12-12 09:38:56'),(2548,69,1000.000000,2350.000000,0,1,'2014-12-12 09:38:56','2014-12-12 09:38:56'),(2549,69,1000.000000,2350.000000,0,1,'2014-12-12 09:38:56','2014-12-12 09:38:56'),(2550,70,1000.000000,2980.000000,0,1,'2014-12-12 09:39:34','2014-12-12 09:39:34'),(2551,70,1000.000000,2980.000000,0,1,'2014-12-12 09:39:34','2014-12-12 09:39:34'),(2552,70,1000.000000,2980.000000,0,1,'2014-12-12 09:39:34','2014-12-12 09:39:34'),(2553,70,1000.000000,2980.000000,0,1,'2014-12-12 09:39:34','2014-12-12 09:39:34'),(2554,70,1000.000000,2980.000000,0,1,'2014-12-12 09:39:34','2014-12-12 09:39:34'),(2555,70,1000.000000,2980.000000,0,1,'2014-12-12 09:39:34','2014-12-12 09:39:34'),(2556,70,1000.000000,2980.000000,0,1,'2014-12-12 09:39:34','2014-12-12 09:39:34'),(2557,70,1000.000000,2980.000000,0,1,'2014-12-12 09:39:34','2014-12-12 09:39:34'),(2558,70,1000.000000,2980.000000,0,1,'2014-12-12 09:39:34','2014-12-12 09:39:34'),(2559,70,1000.000000,2980.000000,0,1,'2014-12-12 09:39:34','2014-12-12 09:39:34'),(2560,71,1000.000000,2800.000000,0,1,'2014-12-13 07:22:23','2014-12-13 07:22:23'),(2561,71,1000.000000,2800.000000,0,1,'2014-12-13 07:22:23','2014-12-13 07:22:23'),(2562,71,1000.000000,2800.000000,0,1,'2014-12-13 07:22:23','2014-12-13 07:22:23'),(2563,71,1000.000000,2800.000000,0,1,'2014-12-13 07:22:23','2014-12-13 07:22:23'),(2564,71,1000.000000,2800.000000,0,1,'2014-12-13 07:22:23','2014-12-13 07:22:23'),(2565,71,1000.000000,2800.000000,0,1,'2014-12-13 07:22:23','2014-12-13 07:22:23'),(2566,71,1000.000000,2800.000000,0,1,'2014-12-13 07:22:23','2014-12-13 07:22:23'),(2567,71,1000.000000,2800.000000,0,1,'2014-12-13 07:22:23','2014-12-13 07:22:23'),(2568,71,1000.000000,2800.000000,0,1,'2014-12-13 07:22:23','2014-12-13 07:22:23'),(2569,71,1000.000000,2800.000000,0,1,'2014-12-13 07:22:23','2014-12-13 07:22:23'),(2570,72,5000.000000,6050.000000,0,1,'2014-12-13 07:37:10','2014-12-13 07:37:10'),(2571,72,5000.000000,6050.000000,0,1,'2014-12-13 07:37:10','2014-12-13 07:37:10'),(2572,72,5000.000000,6050.000000,0,1,'2014-12-13 07:37:10','2014-12-13 07:37:10'),(2573,72,5000.000000,6050.000000,0,1,'2014-12-13 07:37:10','2014-12-13 07:37:10'),(2574,72,5000.000000,6050.000000,0,1,'2014-12-13 07:37:10','2014-12-13 07:37:10'),(2575,72,5000.000000,6050.000000,0,1,'2014-12-13 07:37:10','2014-12-13 07:37:10'),(2576,72,5000.000000,6050.000000,0,1,'2014-12-13 07:37:10','2014-12-13 07:37:10'),(2577,72,5000.000000,6050.000000,0,1,'2014-12-13 07:37:10','2014-12-13 07:37:10'),(2578,72,5000.000000,6050.000000,0,1,'2014-12-13 07:37:10','2014-12-13 07:37:10'),(2579,72,5000.000000,6050.000000,0,1,'2014-12-13 07:37:10','2014-12-13 07:37:10'),(2609,73,1000.000000,2050.000000,0,1,'2014-12-13 12:26:16','2014-12-13 12:26:16'),(2608,73,1000.000000,2050.000000,0,1,'2014-12-13 12:26:16','2014-12-13 12:26:16'),(2607,73,1000.000000,2050.000000,0,1,'2014-12-13 12:26:16','2014-12-13 12:26:16'),(2606,73,1000.000000,2050.000000,0,1,'2014-12-13 12:26:16','2014-12-13 12:26:16'),(2605,73,1000.000000,2050.000000,0,1,'2014-12-13 12:26:16','2014-12-13 12:26:16'),(2604,73,1000.000000,2050.000000,0,1,'2014-12-13 12:26:16','2014-12-13 12:26:16'),(2603,73,1000.000000,2050.000000,0,1,'2014-12-13 12:26:16','2014-12-13 12:26:16'),(2602,73,1000.000000,2050.000000,0,1,'2014-12-13 12:26:16','2014-12-13 12:26:16'),(2601,73,1000.000000,2050.000000,0,1,'2014-12-13 12:26:16','2014-12-13 12:26:16'),(2600,73,1000.000000,2050.000000,0,1,'2014-12-13 12:26:16','2014-12-13 12:26:16'),(2590,74,1000.000000,4000.000000,0,1,'2014-12-13 09:53:12','2014-12-13 09:53:12'),(2591,74,1000.000000,4000.000000,0,1,'2014-12-13 09:53:12','2014-12-13 09:53:12'),(2592,74,1000.000000,4000.000000,0,1,'2014-12-13 09:53:12','2014-12-13 09:53:12'),(2593,74,1000.000000,4000.000000,0,1,'2014-12-13 09:53:12','2014-12-13 09:53:12'),(2594,74,1000.000000,4000.000000,0,1,'2014-12-13 09:53:12','2014-12-13 09:53:12'),(2595,74,1000.000000,4000.000000,0,1,'2014-12-13 09:53:12','2014-12-13 09:53:12'),(2596,74,1000.000000,4000.000000,0,1,'2014-12-13 09:53:12','2014-12-13 09:53:12'),(2597,74,1000.000000,4000.000000,0,1,'2014-12-13 09:53:12','2014-12-13 09:53:12'),(2598,74,1000.000000,4000.000000,0,1,'2014-12-13 09:53:12','2014-12-13 09:53:12'),(2599,74,1000.000000,4000.000000,0,1,'2014-12-13 09:53:12','2014-12-13 09:53:12'),(2610,75,1000.000000,2790.000000,0,1,'2014-12-14 15:20:41','2014-12-14 15:20:41'),(2611,75,1000.000000,2790.000000,0,1,'2014-12-14 15:20:41','2014-12-14 15:20:41'),(2612,75,1000.000000,2790.000000,0,1,'2014-12-14 15:20:41','2014-12-14 15:20:41'),(2613,75,1000.000000,2790.000000,0,1,'2014-12-14 15:20:41','2014-12-14 15:20:41'),(2614,75,1000.000000,2790.000000,0,1,'2014-12-14 15:20:41','2014-12-14 15:20:41'),(2615,75,1000.000000,2790.000000,0,1,'2014-12-14 15:20:41','2014-12-14 15:20:41'),(2616,75,1000.000000,2790.000000,0,1,'2014-12-14 15:20:41','2014-12-14 15:20:41'),(2617,75,1000.000000,2790.000000,0,1,'2014-12-14 15:20:41','2014-12-14 15:20:41'),(2618,75,1000.000000,2790.000000,0,1,'2014-12-14 15:20:41','2014-12-14 15:20:41'),(2619,75,1000.000000,2790.000000,0,1,'2014-12-14 15:20:41','2014-12-14 15:20:41'),(2620,76,1000.000000,3480.000000,0,1,'2014-12-14 15:39:12','2014-12-14 15:39:12'),(2621,76,1000.000000,3480.000000,0,1,'2014-12-14 15:39:12','2014-12-14 15:39:12'),(2622,76,1000.000000,3480.000000,0,1,'2014-12-14 15:39:12','2014-12-14 15:39:12'),(2623,76,1000.000000,3480.000000,0,1,'2014-12-14 15:39:12','2014-12-14 15:39:12'),(2624,76,1000.000000,3480.000000,0,1,'2014-12-14 15:39:12','2014-12-14 15:39:12'),(2625,76,1000.000000,3480.000000,0,1,'2014-12-14 15:39:12','2014-12-14 15:39:12'),(2626,76,1000.000000,3480.000000,0,1,'2014-12-14 15:39:12','2014-12-14 15:39:12'),(2627,76,1000.000000,3480.000000,0,1,'2014-12-14 15:39:12','2014-12-14 15:39:12'),(2628,76,1000.000000,3480.000000,0,1,'2014-12-14 15:39:12','2014-12-14 15:39:12'),(2629,76,1000.000000,3480.000000,0,1,'2014-12-14 15:39:12','2014-12-14 15:39:12'),(2630,77,1000.000000,2830.000000,0,1,'2014-12-14 15:44:48','2014-12-14 15:44:48'),(2631,77,1000.000000,2830.000000,0,1,'2014-12-14 15:44:48','2014-12-14 15:44:48'),(2632,77,1000.000000,2830.000000,0,1,'2014-12-14 15:44:48','2014-12-14 15:44:48'),(2633,77,1000.000000,2830.000000,0,1,'2014-12-14 15:44:48','2014-12-14 15:44:48'),(2634,77,1000.000000,2830.000000,0,1,'2014-12-14 15:44:48','2014-12-14 15:44:48'),(2635,77,1000.000000,2830.000000,0,1,'2014-12-14 15:44:48','2014-12-14 15:44:48'),(2636,77,1000.000000,2830.000000,0,1,'2014-12-14 15:44:48','2014-12-14 15:44:48'),(2637,77,1000.000000,2830.000000,0,1,'2014-12-14 15:44:48','2014-12-14 15:44:48'),(2638,77,1000.000000,2830.000000,0,1,'2014-12-14 15:44:48','2014-12-14 15:44:48'),(2639,77,1000.000000,2830.000000,0,1,'2014-12-14 15:44:48','2014-12-14 15:44:48'),(2640,78,1000.000000,2500.000000,0,1,'2014-12-14 15:45:32','2014-12-14 15:45:32'),(2641,78,1000.000000,2500.000000,0,1,'2014-12-14 15:45:32','2014-12-14 15:45:32'),(2642,78,1000.000000,2500.000000,0,1,'2014-12-14 15:45:32','2014-12-14 15:45:32'),(2643,78,1000.000000,2500.000000,0,1,'2014-12-14 15:45:32','2014-12-14 15:45:32'),(2644,78,1000.000000,2500.000000,0,1,'2014-12-14 15:45:32','2014-12-14 15:45:32'),(2645,78,1000.000000,2500.000000,0,1,'2014-12-14 15:45:32','2014-12-14 15:45:32'),(2646,78,1000.000000,2500.000000,0,1,'2014-12-14 15:45:32','2014-12-14 15:45:32'),(2647,78,1000.000000,2500.000000,0,1,'2014-12-14 15:45:32','2014-12-14 15:45:32'),(2648,78,1000.000000,2500.000000,0,1,'2014-12-14 15:45:32','2014-12-14 15:45:32'),(2649,78,1000.000000,2500.000000,0,1,'2014-12-14 15:45:32','2014-12-14 15:45:32'),(2689,79,1000.000000,2050.000000,0,1,'2014-12-14 17:46:54','2014-12-14 17:46:54'),(2688,79,1000.000000,2050.000000,0,1,'2014-12-14 17:46:54','2014-12-14 17:46:54'),(2687,79,1000.000000,2050.000000,0,1,'2014-12-14 17:46:54','2014-12-14 17:46:54'),(2686,79,1000.000000,2050.000000,0,1,'2014-12-14 17:46:54','2014-12-14 17:46:54'),(2685,79,1000.000000,2050.000000,0,1,'2014-12-14 17:46:54','2014-12-14 17:46:54'),(2684,79,1000.000000,2050.000000,0,1,'2014-12-14 17:46:54','2014-12-14 17:46:54'),(2683,79,1000.000000,2050.000000,0,1,'2014-12-14 17:46:54','2014-12-14 17:46:54'),(2682,79,1000.000000,2050.000000,0,1,'2014-12-14 17:46:54','2014-12-14 17:46:54'),(2681,79,1000.000000,2050.000000,0,1,'2014-12-14 17:46:54','2014-12-14 17:46:54'),(2680,79,1000.000000,2050.000000,0,1,'2014-12-14 17:46:54','2014-12-14 17:46:54'),(2660,80,1000.000000,4000.000000,0,1,'2014-12-14 17:42:33','2014-12-14 17:42:33'),(2661,80,1000.000000,4000.000000,0,1,'2014-12-14 17:42:33','2014-12-14 17:42:33'),(2662,80,1000.000000,4000.000000,0,1,'2014-12-14 17:42:33','2014-12-14 17:42:33'),(2663,80,1000.000000,4000.000000,0,1,'2014-12-14 17:42:33','2014-12-14 17:42:33'),(2664,80,1000.000000,4000.000000,0,1,'2014-12-14 17:42:33','2014-12-14 17:42:33'),(2665,80,1000.000000,4000.000000,0,1,'2014-12-14 17:42:33','2014-12-14 17:42:33'),(2666,80,1000.000000,4000.000000,0,1,'2014-12-14 17:42:33','2014-12-14 17:42:33'),(2667,80,1000.000000,4000.000000,0,1,'2014-12-14 17:42:33','2014-12-14 17:42:33'),(2668,80,1000.000000,4000.000000,0,1,'2014-12-14 17:42:33','2014-12-14 17:42:33'),(2669,80,1000.000000,4000.000000,0,1,'2014-12-14 17:42:33','2014-12-14 17:42:33'),(2670,81,1000.000000,5900.000000,0,1,'2014-12-14 17:43:24','2014-12-14 17:43:24'),(2671,81,1000.000000,5900.000000,0,1,'2014-12-14 17:43:24','2014-12-14 17:43:24'),(2672,81,1000.000000,5900.000000,0,1,'2014-12-14 17:43:24','2014-12-14 17:43:24'),(2673,81,1000.000000,5900.000000,0,1,'2014-12-14 17:43:24','2014-12-14 17:43:24'),(2674,81,1000.000000,5900.000000,0,1,'2014-12-14 17:43:24','2014-12-14 17:43:24'),(2675,81,1000.000000,5900.000000,0,1,'2014-12-14 17:43:24','2014-12-14 17:43:24'),(2676,81,1000.000000,5900.000000,0,1,'2014-12-14 17:43:24','2014-12-14 17:43:24'),(2677,81,1000.000000,5900.000000,0,1,'2014-12-14 17:43:24','2014-12-14 17:43:24'),(2678,81,1000.000000,5900.000000,0,1,'2014-12-14 17:43:24','2014-12-14 17:43:24'),(2679,81,1000.000000,5900.000000,0,1,'2014-12-14 17:43:24','2014-12-14 17:43:24'),(2690,82,1000.000000,2500.000000,0,1,'2014-12-14 18:13:24','2014-12-14 18:13:24'),(2691,82,1000.000000,2500.000000,0,1,'2014-12-14 18:13:24','2014-12-14 18:13:24'),(2692,82,1000.000000,2500.000000,0,1,'2014-12-14 18:13:24','2014-12-14 18:13:24'),(2693,82,1000.000000,2500.000000,0,1,'2014-12-14 18:13:24','2014-12-14 18:13:24'),(2694,82,1000.000000,2500.000000,0,1,'2014-12-14 18:13:24','2014-12-14 18:13:24'),(2695,82,1000.000000,2500.000000,0,1,'2014-12-14 18:13:24','2014-12-14 18:13:24'),(2696,82,1000.000000,2500.000000,0,1,'2014-12-14 18:13:24','2014-12-14 18:13:24'),(2697,82,1000.000000,2500.000000,0,1,'2014-12-14 18:13:24','2014-12-14 18:13:24'),(2698,82,1000.000000,2500.000000,0,1,'2014-12-14 18:13:24','2014-12-14 18:13:24'),(2699,82,1000.000000,2500.000000,0,1,'2014-12-14 18:13:24','2014-12-14 18:13:24'),(2700,83,1000.000000,1800.000000,0,1,'2014-12-14 18:14:03','2014-12-14 18:14:03'),(2701,83,1000.000000,1800.000000,0,1,'2014-12-14 18:14:03','2014-12-14 18:14:03'),(2702,83,1000.000000,1800.000000,0,1,'2014-12-14 18:14:03','2014-12-14 18:14:03'),(2703,83,1000.000000,1800.000000,0,1,'2014-12-14 18:14:03','2014-12-14 18:14:03'),(2704,83,1000.000000,1800.000000,0,1,'2014-12-14 18:14:03','2014-12-14 18:14:03'),(2705,83,1000.000000,1800.000000,0,1,'2014-12-14 18:14:03','2014-12-14 18:14:03'),(2706,83,1000.000000,1800.000000,0,1,'2014-12-14 18:14:03','2014-12-14 18:14:03'),(2707,83,1000.000000,1800.000000,0,1,'2014-12-14 18:14:03','2014-12-14 18:14:03'),(2708,83,1000.000000,1800.000000,0,1,'2014-12-14 18:14:03','2014-12-14 18:14:03'),(2709,83,1000.000000,1800.000000,0,1,'2014-12-14 18:14:03','2014-12-14 18:14:03'),(2710,84,1000.000000,2800.000000,0,1,'2014-12-14 18:15:16','2015-02-06 11:17:41'),(2711,84,1000.000000,2800.000000,0,1,'2014-12-14 18:15:16','2015-02-06 11:17:41'),(2712,84,1000.000000,2800.000000,0,1,'2014-12-14 18:15:16','2015-02-06 11:17:41'),(2713,84,1000.000000,2800.000000,0,1,'2014-12-14 18:15:16','2015-02-06 11:17:41'),(2714,84,1000.000000,2800.000000,0,1,'2014-12-14 18:15:16','2015-02-06 11:17:41'),(2715,84,1000.000000,2800.000000,0,1,'2014-12-14 18:15:16','2015-02-06 11:17:41'),(2716,84,1000.000000,2800.000000,0,1,'2014-12-14 18:15:16','2015-02-06 11:17:41'),(2717,84,1000.000000,2800.000000,0,1,'2014-12-14 18:15:16','2015-02-06 11:17:41'),(2718,84,1000.000000,2800.000000,0,1,'2014-12-14 18:15:16','2015-02-06 11:17:41'),(2719,84,1000.000000,2800.000000,0,1,'2014-12-14 18:15:16','2015-02-06 11:17:41'),(2720,85,1000.000000,3100.000000,0,1,'2014-12-14 18:16:02','2014-12-14 18:16:02'),(2721,85,1000.000000,3100.000000,0,1,'2014-12-14 18:16:02','2014-12-14 18:16:02'),(2722,85,1000.000000,3100.000000,0,1,'2014-12-14 18:16:02','2014-12-14 18:16:02'),(2723,85,1000.000000,3100.000000,0,1,'2014-12-14 18:16:02','2014-12-14 18:16:02'),(2724,85,1000.000000,3100.000000,0,1,'2014-12-14 18:16:02','2014-12-14 18:16:02'),(2725,85,1000.000000,3100.000000,0,1,'2014-12-14 18:16:02','2014-12-14 18:16:02'),(2726,85,1000.000000,3100.000000,0,1,'2014-12-14 18:16:02','2014-12-14 18:16:02'),(2727,85,1000.000000,3100.000000,0,1,'2014-12-14 18:16:02','2014-12-14 18:16:02'),(2728,85,1000.000000,3100.000000,0,1,'2014-12-14 18:16:02','2014-12-14 18:16:02'),(2729,85,1000.000000,3100.000000,0,1,'2014-12-14 18:16:02','2014-12-14 18:16:02'),(2749,86,10000.000000,20000.000000,0,1,'2014-12-23 14:07:23','2014-12-23 14:07:23'),(2748,86,10000.000000,20000.000000,0,1,'2014-12-23 14:07:23','2014-12-23 14:07:23'),(2747,86,10000.000000,20000.000000,0,1,'2014-12-23 14:07:23','2014-12-23 14:07:23'),(2746,86,10000.000000,20000.000000,0,1,'2014-12-23 14:07:23','2014-12-23 14:07:23'),(2745,86,10000.000000,20000.000000,0,1,'2014-12-23 14:07:23','2014-12-23 14:07:23'),(2744,86,10000.000000,20000.000000,0,1,'2014-12-23 14:07:23','2014-12-23 14:07:23'),(2743,86,10000.000000,20000.000000,0,1,'2014-12-23 14:07:23','2014-12-23 14:07:23'),(2742,86,10000.000000,20000.000000,0,1,'2014-12-23 14:07:23','2014-12-23 14:07:23'),(2741,86,10000.000000,20000.000000,0,1,'2014-12-23 14:07:23','2014-12-23 14:07:23'),(2740,86,10000.000000,20000.000000,0,1,'2014-12-23 14:07:23','2014-12-23 14:07:23'),(2750,87,5000.000000,10000.000000,0,1,'2015-01-07 12:15:34','2015-01-07 12:15:34'),(2751,87,5000.000000,10000.000000,0,1,'2015-01-07 12:15:34','2015-01-07 12:15:34'),(2752,87,5000.000000,10000.000000,0,1,'2015-01-07 12:15:34','2015-01-07 12:15:34'),(2753,87,5000.000000,10000.000000,0,1,'2015-01-07 12:15:34','2015-01-07 12:15:34'),(2754,87,5000.000000,10000.000000,0,1,'2015-01-07 12:15:34','2015-01-07 12:15:34'),(2755,87,5000.000000,10000.000000,0,1,'2015-01-07 12:15:34','2015-01-07 12:15:34'),(2756,87,5000.000000,10000.000000,0,1,'2015-01-07 12:15:34','2015-01-07 12:15:34'),(2757,87,5000.000000,10000.000000,0,1,'2015-01-07 12:15:34','2015-01-07 12:15:34'),(2758,87,5000.000000,10000.000000,0,1,'2015-01-07 12:15:34','2015-01-07 12:15:34'),(2759,87,5000.000000,10000.000000,0,1,'2015-01-07 12:15:34','2015-01-07 12:15:34'),(2760,88,5000.000000,3000.000000,0,1,'2015-01-10 17:12:23','2015-01-10 17:12:23'),(2761,88,5000.000000,3000.000000,0,1,'2015-01-10 17:12:23','2015-01-10 17:12:23'),(2762,88,5000.000000,3000.000000,0,1,'2015-01-10 17:12:23','2015-01-10 17:12:23'),(2763,88,5000.000000,3000.000000,0,1,'2015-01-10 17:12:23','2015-01-10 17:12:23'),(2764,88,5000.000000,3000.000000,0,1,'2015-01-10 17:12:23','2015-01-10 17:12:23'),(2765,88,5000.000000,3000.000000,0,1,'2015-01-10 17:12:23','2015-01-10 17:12:23'),(2766,88,5000.000000,3000.000000,0,1,'2015-01-10 17:12:23','2015-01-10 17:12:23'),(2767,88,5000.000000,3000.000000,0,1,'2015-01-10 17:12:23','2015-01-10 17:12:23'),(2768,88,5000.000000,3000.000000,0,1,'2015-01-10 17:12:23','2015-01-10 17:12:23'),(2769,88,5000.000000,3000.000000,0,1,'2015-01-10 17:12:23','2015-01-10 17:12:23'),(2770,89,10000.000000,14375.900000,0,1,'2015-01-12 10:02:06','2015-01-12 10:02:06'),(2771,89,10000.000000,14375.900000,0,1,'2015-01-12 10:02:06','2015-01-12 10:02:06'),(2772,89,10000.000000,14375.900000,0,1,'2015-01-12 10:02:06','2015-01-12 10:02:06'),(2773,89,10000.000000,14375.900000,0,1,'2015-01-12 10:02:06','2015-01-12 10:02:06'),(2774,89,10000.000000,14375.900000,0,1,'2015-01-12 10:02:06','2015-01-12 10:02:06'),(2775,89,10000.000000,14375.900000,0,1,'2015-01-12 10:02:06','2015-01-12 10:02:06'),(2776,89,10000.000000,14375.900000,0,1,'2015-01-12 10:02:06','2015-01-12 10:02:06'),(2777,89,10000.000000,14375.900000,0,1,'2015-01-12 10:02:06','2015-01-12 10:02:06'),(2778,89,10000.000000,14375.900000,0,1,'2015-01-12 10:02:06','2015-01-12 10:02:06'),(2779,89,10000.000000,14375.900000,0,1,'2015-01-12 10:02:06','2015-01-12 10:02:06'),(2780,90,10000.000000,7500.000000,0,1,'2015-01-12 16:20:57','2015-01-12 16:20:57'),(2781,90,10000.000000,7500.000000,0,1,'2015-01-12 16:20:57','2015-01-12 16:20:57'),(2782,90,10000.000000,7500.000000,0,1,'2015-01-12 16:20:57','2015-01-12 16:20:57'),(2783,90,10000.000000,7500.000000,0,1,'2015-01-12 16:20:57','2015-01-12 16:20:57'),(2784,90,10000.000000,7500.000000,0,1,'2015-01-12 16:20:57','2015-01-12 16:20:57'),(2785,90,10000.000000,7500.000000,0,1,'2015-01-12 16:20:57','2015-01-12 16:20:57'),(2786,90,10000.000000,7500.000000,0,1,'2015-01-12 16:20:57','2015-01-12 16:20:57'),(2787,90,10000.000000,7500.000000,0,1,'2015-01-12 16:20:57','2015-01-12 16:20:57'),(2788,90,10000.000000,7500.000000,0,1,'2015-01-12 16:20:57','2015-01-12 16:20:57'),(2789,90,10000.000000,7500.000000,0,1,'2015-01-12 16:20:57','2015-01-12 16:20:57'),(2809,91,10000.000000,4500.000000,0,1,'2015-01-13 11:57:55','2015-01-13 11:57:55'),(2808,91,10000.000000,4500.000000,0,1,'2015-01-13 11:57:55','2015-01-13 11:57:55'),(2807,91,10000.000000,4500.000000,0,1,'2015-01-13 11:57:55','2015-01-13 11:57:55'),(2806,91,10000.000000,4500.000000,0,1,'2015-01-13 11:57:55','2015-01-13 11:57:55'),(2805,91,10000.000000,4500.000000,0,1,'2015-01-13 11:57:55','2015-01-13 11:57:55'),(2804,91,10000.000000,4500.000000,0,1,'2015-01-13 11:57:55','2015-01-13 11:57:55'),(2803,91,10000.000000,4500.000000,0,1,'2015-01-13 11:57:55','2015-01-13 11:57:55'),(2802,91,10000.000000,4500.000000,0,1,'2015-01-13 11:57:55','2015-01-13 11:57:55'),(2801,91,10000.000000,4500.000000,0,1,'2015-01-13 11:57:55','2015-01-13 11:57:55'),(2800,91,10000.000000,4500.000000,0,1,'2015-01-13 11:57:55','2015-01-13 11:57:55'),(2810,92,15000.000000,10600.000000,0,1,'2015-01-14 11:55:30','2015-01-14 11:55:30'),(2811,92,15000.000000,10600.000000,0,1,'2015-01-14 11:55:30','2015-01-14 11:55:30'),(2812,92,15000.000000,10600.000000,0,1,'2015-01-14 11:55:30','2015-01-14 11:55:30'),(2813,92,15000.000000,10600.000000,0,1,'2015-01-14 11:55:30','2015-01-14 11:55:30'),(2814,92,15000.000000,10600.000000,0,1,'2015-01-14 11:55:30','2015-01-14 11:55:30'),(2815,92,15000.000000,10600.000000,0,1,'2015-01-14 11:55:30','2015-01-14 11:55:30'),(2816,92,15000.000000,10600.000000,0,1,'2015-01-14 11:55:30','2015-01-14 11:55:30'),(2817,92,15000.000000,10600.000000,0,1,'2015-01-14 11:55:30','2015-01-14 11:55:30'),(2818,92,15000.000000,10600.000000,0,1,'2015-01-14 11:55:30','2015-01-14 11:55:30'),(2819,92,15000.000000,10600.000000,0,1,'2015-01-14 11:55:30','2015-01-14 11:55:30'),(2820,93,10000.000000,20000.000000,0,1,'2015-01-14 15:51:36','2015-01-14 15:51:36'),(2821,93,10000.000000,20000.000000,0,1,'2015-01-14 15:51:36','2015-01-14 15:51:36'),(2822,93,10000.000000,20000.000000,0,1,'2015-01-14 15:51:36','2015-01-14 15:51:36'),(2823,93,10000.000000,20000.000000,0,1,'2015-01-14 15:51:36','2015-01-14 15:51:36'),(2824,93,10000.000000,20000.000000,0,1,'2015-01-14 15:51:36','2015-01-14 15:51:36'),(2825,93,10000.000000,20000.000000,0,1,'2015-01-14 15:51:36','2015-01-14 15:51:36'),(2826,93,10000.000000,20000.000000,0,1,'2015-01-14 15:51:36','2015-01-14 15:51:36'),(2827,93,10000.000000,20000.000000,0,1,'2015-01-14 15:51:36','2015-01-14 15:51:36'),(2828,93,10000.000000,20000.000000,0,1,'2015-01-14 15:51:36','2015-01-14 15:51:36'),(2829,93,10000.000000,20000.000000,0,1,'2015-01-14 15:51:36','2015-01-14 15:51:36'),(2830,94,10000.000000,7000.000000,0,1,'2015-01-14 15:52:56','2015-01-14 15:52:56'),(2831,94,10000.000000,7000.000000,0,1,'2015-01-14 15:52:56','2015-01-14 15:52:56'),(2832,94,10000.000000,7000.000000,0,1,'2015-01-14 15:52:56','2015-01-14 15:52:56'),(2833,94,10000.000000,7000.000000,0,1,'2015-01-14 15:52:56','2015-01-14 15:52:56'),(2834,94,10000.000000,7000.000000,0,1,'2015-01-14 15:52:56','2015-01-14 15:52:56'),(2835,94,10000.000000,7000.000000,0,1,'2015-01-14 15:52:56','2015-01-14 15:52:56'),(2836,94,10000.000000,7000.000000,0,1,'2015-01-14 15:52:56','2015-01-14 15:52:56'),(2837,94,10000.000000,7000.000000,0,1,'2015-01-14 15:52:56','2015-01-14 15:52:56'),(2838,94,10000.000000,7000.000000,0,1,'2015-01-14 15:52:56','2015-01-14 15:52:56'),(2839,94,10000.000000,7000.000000,0,1,'2015-01-14 15:52:56','2015-01-14 15:52:56'),(2899,95,919.940000,2650.210000,0,1,'2015-01-21 11:32:27','2015-01-21 16:56:29'),(2898,95,919.940000,2650.210000,0,1,'2015-01-21 11:32:27','2015-01-21 16:56:29'),(2897,95,919.940000,2650.210000,0,1,'2015-01-21 11:32:27','2015-01-21 16:56:29'),(2896,95,919.940000,2650.210000,0,1,'2015-01-21 11:32:27','2015-01-21 16:56:29'),(2895,95,919.940000,2650.210000,0,1,'2015-01-21 11:32:27','2015-01-21 16:56:29'),(2894,95,919.940000,2650.210000,0,1,'2015-01-21 11:32:27','2015-01-21 16:56:29'),(2893,95,919.940000,2650.210000,0,1,'2015-01-21 11:32:27','2015-01-21 16:56:29'),(2892,95,919.940000,2650.210000,0,1,'2015-01-21 11:32:27','2015-01-21 16:56:29'),(2891,95,919.940000,2650.210000,0,1,'2015-01-21 11:32:27','2015-01-21 16:56:29'),(2890,95,919.940000,2650.210000,0,1,'2015-01-21 11:32:27','2015-01-21 16:56:29'),(2889,95,919.940000,2650.210000,0,1,'2015-01-21 11:32:27','2015-01-21 16:56:29'),(2888,95,919.940000,2650.210000,0,1,'2015-01-21 11:32:27','2015-01-21 16:56:29'),(2887,95,919.940000,2650.210000,0,1,'2015-01-21 11:32:27','2015-01-21 16:56:29'),(2886,95,919.940000,2650.210000,0,1,'2015-01-21 11:32:27','2015-01-21 16:56:29'),(2885,95,919.940000,2650.210000,0,1,'2015-01-21 11:32:27','2015-01-21 16:56:29'),(2900,96,1000.000000,2000.000000,0,1,'2015-01-22 06:36:41','2015-01-22 06:36:41'),(2901,96,1000.000000,2000.000000,0,1,'2015-01-22 06:36:41','2015-01-22 06:36:41'),(2902,96,1000.000000,2000.000000,0,1,'2015-01-22 06:36:41','2015-01-22 06:36:41'),(2903,96,1000.000000,2000.000000,0,1,'2015-01-22 06:36:41','2015-01-22 06:36:41'),(2904,96,1000.000000,2000.000000,0,1,'2015-01-22 06:36:41','2015-01-22 06:36:41'),(2905,96,1000.000000,2000.000000,0,1,'2015-01-22 06:36:41','2015-01-22 06:36:41'),(2906,96,1000.000000,2000.000000,0,1,'2015-01-22 06:36:41','2015-01-22 06:36:41'),(2907,96,1000.000000,2000.000000,0,1,'2015-01-22 06:36:41','2015-01-22 06:36:41'),(2908,96,1000.000000,2000.000000,0,1,'2015-01-22 06:36:41','2015-01-22 06:36:41'),(2909,96,1000.000000,2000.000000,0,1,'2015-01-22 06:36:41','2015-01-22 06:36:41'),(2929,97,3500.000000,1250.000000,0,1,'2015-02-11 17:26:39','2015-02-11 17:26:39'),(2928,97,3500.000000,1250.000000,0,1,'2015-02-11 17:26:39','2015-02-11 17:26:39'),(2927,97,3500.000000,1250.000000,0,1,'2015-02-11 17:26:39','2015-02-11 17:26:39'),(2926,97,3500.000000,1250.000000,0,1,'2015-02-11 17:26:39','2015-02-11 17:26:39'),(2925,97,3500.000000,1250.000000,0,1,'2015-02-11 17:26:39','2015-02-11 17:26:39'),(2924,97,3500.000000,1250.000000,0,1,'2015-02-11 17:26:39','2015-02-11 17:26:39'),(2923,97,3500.000000,1250.000000,0,1,'2015-02-11 17:26:39','2015-02-11 17:26:39'),(2922,97,3500.000000,1250.000000,0,1,'2015-02-11 17:26:39','2015-02-11 17:26:39'),(2921,97,3500.000000,1250.000000,0,1,'2015-02-11 17:26:39','2015-02-11 17:26:39'),(2920,97,3500.000000,1250.000000,0,1,'2015-02-11 17:26:39','2015-02-11 17:26:39'),(2930,98,3500.000000,1250.000000,0,1,'2015-02-11 17:42:34','2015-02-11 17:42:34'),(2931,98,3500.000000,1250.000000,0,1,'2015-02-11 17:42:34','2015-02-11 17:42:34'),(2932,98,3500.000000,1250.000000,0,1,'2015-02-11 17:42:34','2015-02-11 17:42:34'),(2933,98,3500.000000,1250.000000,0,1,'2015-02-11 17:42:34','2015-02-11 17:42:34'),(2934,98,3500.000000,1250.000000,0,1,'2015-02-11 17:42:34','2015-02-11 17:42:34'),(2935,98,3500.000000,1250.000000,0,1,'2015-02-11 17:42:34','2015-02-11 17:42:34'),(2936,98,3500.000000,1250.000000,0,1,'2015-02-11 17:42:34','2015-02-11 17:42:34'),(2937,98,3500.000000,1250.000000,0,1,'2015-02-11 17:42:34','2015-02-11 17:42:34'),(2938,98,3500.000000,1250.000000,0,1,'2015-02-11 17:42:34','2015-02-11 17:42:34'),(2939,98,3500.000000,1250.000000,0,1,'2015-02-11 17:42:34','2015-02-11 17:42:34'),(2959,100,1000.000000,2950.000000,0,1,'2015-03-20 16:53:20','2015-03-20 16:53:20'),(2958,100,1000.000000,2950.000000,0,1,'2015-03-20 16:53:20','2015-03-20 16:53:20'),(2957,100,1000.000000,2950.000000,0,1,'2015-03-20 16:53:20','2015-03-20 16:53:20'),(2956,100,1000.000000,2950.000000,0,1,'2015-03-20 16:53:20','2015-03-20 16:53:20'),(2955,100,1000.000000,2950.000000,0,1,'2015-03-20 16:53:20','2015-03-20 16:53:20'),(2954,100,1000.000000,2950.000000,0,1,'2015-03-20 16:53:20','2015-03-20 16:53:20'),(2953,100,1000.000000,2950.000000,0,1,'2015-03-20 16:53:20','2015-03-20 16:53:20'),(2952,100,1000.000000,2950.000000,0,1,'2015-03-20 16:53:20','2015-03-20 16:53:20'),(2951,100,1000.000000,2950.000000,0,1,'2015-03-20 16:53:20','2015-03-20 16:53:20'),(2950,100,1000.000000,2950.000000,0,1,'2015-03-20 16:53:20','2015-03-20 16:53:20'),(2960,101,1000.000000,2900.000000,0,1,'2015-03-20 18:53:59','2015-03-20 18:53:59'),(2961,101,1000.000000,2900.000000,0,1,'2015-03-20 18:53:59','2015-03-20 18:53:59'),(2962,101,1000.000000,2900.000000,0,1,'2015-03-20 18:53:59','2015-03-20 18:53:59'),(2963,101,1000.000000,2900.000000,0,1,'2015-03-20 18:53:59','2015-03-20 18:53:59'),(2964,101,1000.000000,2900.000000,0,1,'2015-03-20 18:53:59','2015-03-20 18:53:59'),(2965,101,1000.000000,2900.000000,0,1,'2015-03-20 18:53:59','2015-03-20 18:53:59'),(2966,101,1000.000000,2900.000000,0,1,'2015-03-20 18:53:59','2015-03-20 18:53:59'),(2967,101,1000.000000,2900.000000,0,1,'2015-03-20 18:53:59','2015-03-20 18:53:59'),(2968,101,1000.000000,2900.000000,0,1,'2015-03-20 18:53:59','2015-03-20 18:53:59'),(2969,101,1000.000000,2900.000000,0,1,'2015-03-20 18:53:59','2015-03-20 18:53:59');
/*!40000 ALTER TABLE `segments` ENABLE KEYS */;
UNLOCK TABLES;

--
-- Table structure for table `tax_rates`
--

DROP TABLE IF EXISTS `tax_rates`;
/*!40101 SET @saved_cs_client     = @@character_set_client */;
/*!40101 SET character_set_client = utf8 */;
CREATE TABLE `tax_rates` (
  `bond_basic_rate` decimal(10,2) NOT NULL DEFAULT '20.00',
  `bond_higher_rate` decimal(10,2) NOT NULL DEFAULT '40.00',
  `bond_additional_rate` decimal(10,2) NOT NULL,
  `income_tax_basic_rate` decimal(10,2) NOT NULL DEFAULT '0.00',
  `income_tax_higher_rate` decimal(10,2) NOT NULL DEFAULT '0.00',
  `income_tax_additional_rate` decimal(10,2) NOT NULL,
  `personal_allowance` decimal(10,2) NOT NULL DEFAULT '5035.00',
  `personal_allowance_65` decimal(10,2) NOT NULL DEFAULT '7280.00',
  `personal_allowance_75` decimal(10,2) NOT NULL DEFAULT '7420.00',
  `lower_rate_limit` decimal(10,2) NOT NULL DEFAULT '0.00',
  `basic_rate_limit` decimal(10,2) NOT NULL DEFAULT '0.00',
  `higher_rate_limit` decimal(10,2) NOT NULL,
  `age_allowance_limit` decimal(10,2) NOT NULL DEFAULT '0.00',
  `tax_year_ending` int(4) NOT NULL DEFAULT '0'
) ENGINE=MyISAM DEFAULT CHARSET=latin1;
/*!40101 SET character_set_client = @saved_cs_client */;

--
-- Dumping data for table `tax_rates`
--

LOCK TABLES `tax_rates` WRITE;
/*!40000 ALTER TABLE `tax_rates` DISABLE KEYS */;
INSERT INTO `tax_rates` VALUES (20.00,40.00,0.00,22.00,40.00,0.00,5035.00,7280.00,7420.00,2150.00,33300.00,0.00,20100.00,2007),(20.00,40.00,0.00,22.00,40.00,0.00,5225.00,7550.00,7690.00,2230.00,34600.00,0.00,20900.00,2008),(20.00,40.00,0.00,20.00,40.00,0.00,6035.00,9030.00,9180.00,2320.00,35400.00,0.00,21800.00,2009),(20.00,40.00,0.00,20.00,40.00,0.00,6475.00,9490.00,9640.00,2440.00,37400.00,0.00,22900.00,2010),(20.00,40.00,50.00,20.00,40.00,50.00,6475.00,9490.00,9640.00,2440.00,37000.00,150000.00,22900.00,2011),(20.00,40.00,50.00,20.00,40.00,50.00,7475.00,9940.00,10090.00,2560.00,35000.00,150000.00,24000.00,2012),(20.00,40.00,50.00,20.00,40.00,50.00,8105.00,10500.00,10660.00,2790.00,34370.00,150000.00,25400.00,2013),(20.00,40.00,45.00,20.00,40.00,45.00,9440.00,10500.00,10660.00,2790.00,32010.00,150000.00,26100.00,2014),(20.00,40.00,45.00,20.00,40.00,45.00,10000.00,10500.00,10660.00,2880.00,31865.00,150000.00,27000.00,2015);
/*!40000 ALTER TABLE `tax_rates` ENABLE KEYS */;
UNLOCK TABLES;

--
-- Table structure for table `temp_encashment_calculation_subs`
--

DROP TABLE IF EXISTS `temp_encashment_calculation_subs`;
/*!40101 SET @saved_cs_client     = @@character_set_client */;
/*!40101 SET character_set_client = utf8 */;
CREATE TABLE `temp_encashment_calculation_subs` (
  `id` int(11) NOT NULL AUTO_INCREMENT,
  `calculation_id` int(11) NOT NULL DEFAULT '0',
  `policyholder_id` int(11) NOT NULL DEFAULT '0',
  `policyholder_type` tinyint(1) NOT NULL DEFAULT '0',
  `created_at` timestamp NOT NULL DEFAULT CURRENT_TIMESTAMP,
  `updated_at` timestamp NOT NULL DEFAULT '0000-00-00 00:00:00',
  PRIMARY KEY (`id`)
) ENGINE=MyISAM DEFAULT CHARSET=latin1;
/*!40101 SET character_set_client = @saved_cs_client */;

--
-- Dumping data for table `temp_encashment_calculation_subs`
--

LOCK TABLES `temp_encashment_calculation_subs` WRITE;
/*!40000 ALTER TABLE `temp_encashment_calculation_subs` DISABLE KEYS */;
/*!40000 ALTER TABLE `temp_encashment_calculation_subs` ENABLE KEYS */;
UNLOCK TABLES;

--
-- Table structure for table `temp_encashment_calculations`
--

DROP TABLE IF EXISTS `temp_encashment_calculations`;
/*!40101 SET @saved_cs_client     = @@character_set_client */;
/*!40101 SET character_set_client = utf8 */;
CREATE TABLE `temp_encashment_calculations` (
  `id` int(11) NOT NULL AUTO_INCREMENT,
  `user_id` int(11) NOT NULL DEFAULT '0',
  `created_at` timestamp NOT NULL DEFAULT CURRENT_TIMESTAMP,
  `updated_at` timestamp NOT NULL DEFAULT '0000-00-00 00:00:00',
  PRIMARY KEY (`id`)
) ENGINE=MyISAM DEFAULT CHARSET=latin1;
/*!40101 SET character_set_client = @saved_cs_client */;

--
-- Dumping data for table `temp_encashment_calculations`
--

LOCK TABLES `temp_encashment_calculations` WRITE;
/*!40000 ALTER TABLE `temp_encashment_calculations` DISABLE KEYS */;
/*!40000 ALTER TABLE `temp_encashment_calculations` ENABLE KEYS */;
UNLOCK TABLES;

--
-- Table structure for table `user_details`
--

DROP TABLE IF EXISTS `user_details`;
/*!40101 SET @saved_cs_client     = @@character_set_client */;
/*!40101 SET character_set_client = utf8 */;
CREATE TABLE `user_details` (
  `user_id` int(11) NOT NULL,
  `company` varchar(100) NOT NULL,
  `title` varchar(20) NOT NULL,
  `first_name` varchar(100) NOT NULL,
  `surname` varchar(100) NOT NULL,
  `address1` varchar(100) NOT NULL,
  `address2` varchar(100) NOT NULL,
  `city` varchar(50) NOT NULL,
  `county` varchar(50) NOT NULL,
  `postcode` varchar(8) NOT NULL,
  `phone` varchar(20) NOT NULL,
  `FCA` int(10) NOT NULL
) ENGINE=InnoDB DEFAULT CHARSET=latin1;
/*!40101 SET character_set_client = @saved_cs_client */;

--
-- Dumping data for table `user_details`
--

LOCK TABLES `user_details` WRITE;
/*!40000 ALTER TABLE `user_details` DISABLE KEYS */;
/*!40000 ALTER TABLE `user_details` ENABLE KEYS */;
UNLOCK TABLES;

--
-- Table structure for table `users`
--

DROP TABLE IF EXISTS `users`;
/*!40101 SET @saved_cs_client     = @@character_set_client */;
/*!40101 SET character_set_client = utf8 */;
CREATE TABLE `users` (
  `id` int(10) unsigned NOT NULL AUTO_INCREMENT,
  `name` varchar(255) COLLATE utf8_unicode_ci NOT NULL,
  `email` varchar(255) COLLATE utf8_unicode_ci NOT NULL,
  `password` varchar(60) COLLATE utf8_unicode_ci NOT NULL,
  `remember_token` varchar(100) COLLATE utf8_unicode_ci DEFAULT NULL,
  `created_at` timestamp NOT NULL DEFAULT '0000-00-00 00:00:00',
  `updated_at` timestamp NOT NULL DEFAULT '0000-00-00 00:00:00',
  PRIMARY KEY (`id`),
  UNIQUE KEY `users_email_unique` (`email`)
) ENGINE=InnoDB AUTO_INCREMENT=2 DEFAULT CHARSET=utf8 COLLATE=utf8_unicode_ci;
/*!40101 SET character_set_client = @saved_cs_client */;

--
-- Dumping data for table `users`
--

LOCK TABLES `users` WRITE;
/*!40000 ALTER TABLE `users` DISABLE KEYS */;
INSERT INTO `users` VALUES (1,'Neil Telford','neil@invidion.co.uk','$2y$10$jKFnAKxW4lTwv.GeRKGKuecg0qdEmkRBi.8VpSchilOTvq7UejbW.','drrv706LtdBm5NpZgEYo44iFAAHRGZLF3AmhCYRcA0RrGLgIS1YkXjFaWTEF','2015-03-12 22:05:29','2015-03-17 10:25:43');
/*!40000 ALTER TABLE `users` ENABLE KEYS */;
UNLOCK TABLES;

--
-- Table structure for table `withdrawals`
--

DROP TABLE IF EXISTS `withdrawals`;
/*!40101 SET @saved_cs_client     = @@character_set_client */;
/*!40101 SET character_set_client = utf8 */;
CREATE TABLE `withdrawals` (
  `id` int(11) NOT NULL AUTO_INCREMENT,
  `bond_id` int(11) NOT NULL DEFAULT '0',
  `year_ending` year(4) NOT NULL DEFAULT '0000',
  `withdrawal_amount` decimal(16,6) NOT NULL DEFAULT '0.000000',
  `withdrawal_percentage` float NOT NULL DEFAULT '0',
  `segment_start` int(11) NOT NULL DEFAULT '1',
  `segment_end` int(11) NOT NULL DEFAULT '1',
  `user_id` int(11) NOT NULL DEFAULT '0',
  `created_at` timestamp NOT NULL DEFAULT CURRENT_TIMESTAMP,
  `updated_at` timestamp NOT NULL DEFAULT '0000-00-00 00:00:00',
  PRIMARY KEY (`id`)
) ENGINE=MyISAM AUTO_INCREMENT=67431 DEFAULT CHARSET=latin1;
/*!40101 SET character_set_client = @saved_cs_client */;

--
-- Dumping data for table `withdrawals`
--

LOCK TABLES `withdrawals` WRITE;
/*!40000 ALTER TABLE `withdrawals` DISABLE KEYS */;
INSERT INTO `withdrawals` VALUES (5280,18,2008,360.000000,0,1,1,1,'0000-00-00 00:00:00','0000-00-00 00:00:00'),(5281,18,2007,360.000000,0,1,1,1,'0000-00-00 00:00:00','0000-00-00 00:00:00'),(5282,18,2006,360.000000,0,1,1,1,'0000-00-00 00:00:00','0000-00-00 00:00:00'),(5283,18,2005,360.000000,0,1,1,1,'0000-00-00 00:00:00','0000-00-00 00:00:00'),(5284,18,2004,360.000000,0,1,1,1,'0000-00-00 00:00:00','0000-00-00 00:00:00'),(5285,18,2003,3000.000000,0,1,1,1,'0000-00-00 00:00:00','0000-00-00 00:00:00'),(5286,18,2002,360.000000,0,1,1,1,'0000-00-00 00:00:00','0000-00-00 00:00:00'),(5287,18,2001,360.000000,0,1,1,1,'0000-00-00 00:00:00','0000-00-00 00:00:00'),(5288,18,2000,360.000000,0,1,1,1,'0000-00-00 00:00:00','0000-00-00 00:00:00'),(5289,18,1999,360.000000,0,1,1,1,'0000-00-00 00:00:00','0000-00-00 00:00:00'),(5290,18,1998,360.000000,0,1,1,1,'0000-00-00 00:00:00','0000-00-00 00:00:00'),(5291,18,1997,360.000000,0,1,1,1,'0000-00-00 00:00:00','0000-00-00 00:00:00'),(5292,22,2009,1150.000000,0,1,1,1,'0000-00-00 00:00:00','0000-00-00 00:00:00'),(5293,22,2008,1150.000000,0,1,1,1,'0000-00-00 00:00:00','0000-00-00 00:00:00'),(5294,22,2007,1150.000000,0,1,1,1,'0000-00-00 00:00:00','0000-00-00 00:00:00'),(5295,22,2006,1150.000000,0,1,1,1,'0000-00-00 00:00:00','0000-00-00 00:00:00'),(5296,22,2005,1150.000000,0,1,1,1,'0000-00-00 00:00:00','0000-00-00 00:00:00'),(5297,22,2004,1150.000000,0,1,1,1,'0000-00-00 00:00:00','0000-00-00 00:00:00'),(5298,22,2003,1150.000000,0,1,1,1,'0000-00-00 00:00:00','0000-00-00 00:00:00'),(5299,22,2002,1150.000000,0,1,1,1,'0000-00-00 00:00:00','0000-00-00 00:00:00'),(5300,22,2001,1150.000000,0,1,1,1,'0000-00-00 00:00:00','0000-00-00 00:00:00'),(5301,22,2000,1150.000000,0,1,1,1,'0000-00-00 00:00:00','0000-00-00 00:00:00'),(5302,22,1999,1150.000000,0,1,1,1,'0000-00-00 00:00:00','0000-00-00 00:00:00'),(5303,24,2007,1150.000000,0,1,1,1,'0000-00-00 00:00:00','0000-00-00 00:00:00'),(5304,24,2006,1150.000000,0,1,1,1,'0000-00-00 00:00:00','0000-00-00 00:00:00'),(5305,24,2005,1150.000000,0,1,1,1,'0000-00-00 00:00:00','0000-00-00 00:00:00'),(5306,24,2004,1150.000000,0,1,1,1,'0000-00-00 00:00:00','0000-00-00 00:00:00'),(5307,24,2003,1150.000000,0,1,1,1,'0000-00-00 00:00:00','0000-00-00 00:00:00'),(5308,24,2002,1150.000000,0,1,1,1,'0000-00-00 00:00:00','0000-00-00 00:00:00'),(5309,24,2001,1150.000000,0,1,1,1,'0000-00-00 00:00:00','0000-00-00 00:00:00'),(5310,23,2007,290.000000,0,1,1,1,'0000-00-00 00:00:00','0000-00-00 00:00:00'),(5311,23,2006,290.000000,0,1,1,1,'0000-00-00 00:00:00','0000-00-00 00:00:00'),(5312,23,2005,290.000000,0,1,1,1,'0000-00-00 00:00:00','0000-00-00 00:00:00'),(5313,23,2004,290.000000,0,1,1,1,'0000-00-00 00:00:00','0000-00-00 00:00:00'),(5314,23,2003,5000.000000,0,1,1,1,'0000-00-00 00:00:00','0000-00-00 00:00:00'),(5315,23,2002,290.000000,0,1,1,1,'0000-00-00 00:00:00','0000-00-00 00:00:00'),(5316,23,2001,290.000000,0,1,1,1,'0000-00-00 00:00:00','0000-00-00 00:00:00'),(5317,23,2000,290.000000,0,1,1,1,'0000-00-00 00:00:00','0000-00-00 00:00:00'),(5318,23,1999,290.000000,0,1,1,1,'0000-00-00 00:00:00','0000-00-00 00:00:00'),(5319,23,1998,290.000000,0,1,1,1,'0000-00-00 00:00:00','0000-00-00 00:00:00'),(5320,23,1997,290.000000,0,1,1,1,'0000-00-00 00:00:00','0000-00-00 00:00:00'),(5321,23,1996,290.000000,0,1,1,1,'0000-00-00 00:00:00','0000-00-00 00:00:00'),(5322,23,1995,290.000000,0,1,1,1,'0000-00-00 00:00:00','0000-00-00 00:00:00'),(5323,23,1994,290.000000,0,1,1,1,'0000-00-00 00:00:00','0000-00-00 00:00:00'),(5324,23,1993,3620.000000,0,1,1,1,'0000-00-00 00:00:00','0000-00-00 00:00:00'),(5325,23,1992,290.000000,0,1,1,1,'0000-00-00 00:00:00','0000-00-00 00:00:00'),(5326,24,2000,1150.000000,0,1,1,1,'0000-00-00 00:00:00','0000-00-00 00:00:00'),(5327,24,1999,1150.000000,0,1,1,1,'0000-00-00 00:00:00','0000-00-00 00:00:00'),(5328,31,2007,1920.000000,3,1,1,1,'0000-00-00 00:00:00','0000-00-00 00:00:00'),(5329,31,2006,1920.000000,3,1,1,1,'0000-00-00 00:00:00','0000-00-00 00:00:00'),(5330,31,2005,1920.000000,3,1,1,1,'0000-00-00 00:00:00','0000-00-00 00:00:00'),(5331,31,2004,870.000000,3,1,1,1,'0000-00-00 00:00:00','0000-00-00 00:00:00'),(5332,31,2003,870.000000,3,1,1,1,'0000-00-00 00:00:00','0000-00-00 00:00:00'),(5333,31,2002,870.000000,3,1,1,1,'0000-00-00 00:00:00','0000-00-00 00:00:00'),(5334,31,2001,870.000000,3,1,1,1,'0000-00-00 00:00:00','0000-00-00 00:00:00'),(5335,31,2000,870.000000,3,1,1,1,'0000-00-00 00:00:00','0000-00-00 00:00:00'),(5336,32,2007,3500.000000,5,1,1,1,'0000-00-00 00:00:00','0000-00-00 00:00:00'),(5337,32,2006,3500.000000,5,1,1,1,'0000-00-00 00:00:00','0000-00-00 00:00:00'),(5338,32,2005,3500.000000,5,1,1,1,'0000-00-00 00:00:00','0000-00-00 00:00:00'),(5339,32,2004,3500.000000,5,1,1,1,'0000-00-00 00:00:00','0000-00-00 00:00:00'),(5340,32,2003,3500.000000,5,1,1,1,'0000-00-00 00:00:00','0000-00-00 00:00:00'),(5341,32,2002,3500.000000,5,1,1,1,'0000-00-00 00:00:00','0000-00-00 00:00:00'),(5342,32,2001,3500.000000,5,1,1,1,'0000-00-00 00:00:00','0000-00-00 00:00:00'),(5343,32,2000,3500.000000,5,1,1,1,'0000-00-00 00:00:00','0000-00-00 00:00:00'),(5344,32,1999,2500.000000,5,1,1,1,'0000-00-00 00:00:00','0000-00-00 00:00:00'),(5345,32,1998,2500.000000,5,1,1,1,'0000-00-00 00:00:00','0000-00-00 00:00:00'),(5346,32,1997,2500.000000,5,1,1,1,'0000-00-00 00:00:00','0000-00-00 00:00:00'),(5347,32,1996,2500.000000,5,1,1,1,'0000-00-00 00:00:00','0000-00-00 00:00:00'),(5348,32,1995,2500.000000,5,1,1,1,'0000-00-00 00:00:00','0000-00-00 00:00:00'),(5349,44,2014,2350.000000,5,1,1,1,'0000-00-00 00:00:00','0000-00-00 00:00:00'),(5350,36,2013,1800.000000,3,1,1,1,'0000-00-00 00:00:00','0000-00-00 00:00:00'),(5351,36,2012,1800.000000,3,1,1,1,'0000-00-00 00:00:00','0000-00-00 00:00:00'),(5352,36,2011,1800.000000,3,1,1,1,'0000-00-00 00:00:00','0000-00-00 00:00:00'),(5353,36,2010,1800.000000,3,1,1,1,'0000-00-00 00:00:00','0000-00-00 00:00:00'),(5354,36,2009,1800.000000,3,1,1,1,'0000-00-00 00:00:00','0000-00-00 00:00:00'),(5355,36,2008,1800.000000,3,1,1,1,'0000-00-00 00:00:00','0000-00-00 00:00:00'),(5356,36,2007,1800.000000,3,1,1,1,'0000-00-00 00:00:00','0000-00-00 00:00:00'),(5357,36,2006,1890.000000,3,1,1,1,'0000-00-00 00:00:00','0000-00-00 00:00:00'),(5358,36,2005,990.000000,3,1,1,1,'0000-00-00 00:00:00','0000-00-00 00:00:00'),(5359,36,2004,1350.000000,3,1,1,1,'0000-00-00 00:00:00','0000-00-00 00:00:00'),(5360,36,2003,1350.000000,3,1,1,1,'0000-00-00 00:00:00','0000-00-00 00:00:00'),(5361,36,2002,1350.000000,3,1,1,1,'0000-00-00 00:00:00','0000-00-00 00:00:00'),(5362,38,2007,10000.000000,0,1,1,1,'0000-00-00 00:00:00','0000-00-00 00:00:00'),(5363,38,2006,2000.000000,0,1,1,1,'0000-00-00 00:00:00','0000-00-00 00:00:00'),(5364,38,2005,2000.000000,0,1,1,1,'0000-00-00 00:00:00','0000-00-00 00:00:00'),(5365,38,2004,2000.000000,0,1,1,1,'0000-00-00 00:00:00','0000-00-00 00:00:00'),(5366,38,2003,2000.000000,0,1,1,1,'0000-00-00 00:00:00','0000-00-00 00:00:00'),(5367,38,2002,2000.000000,0,1,1,1,'0000-00-00 00:00:00','0000-00-00 00:00:00'),(5368,38,2001,2000.000000,0,1,1,1,'0000-00-00 00:00:00','0000-00-00 00:00:00'),(5369,38,2000,2000.000000,0,1,1,1,'0000-00-00 00:00:00','0000-00-00 00:00:00'),(5370,38,1999,2000.000000,0,1,1,1,'0000-00-00 00:00:00','0000-00-00 00:00:00'),(5371,38,1998,2000.000000,0,1,1,1,'0000-00-00 00:00:00','0000-00-00 00:00:00'),(5372,44,2013,2350.000000,5,1,1,1,'0000-00-00 00:00:00','0000-00-00 00:00:00'),(5373,44,2012,2350.000000,5,1,1,1,'0000-00-00 00:00:00','0000-00-00 00:00:00'),(5374,44,2011,2350.000000,5,1,1,1,'0000-00-00 00:00:00','0000-00-00 00:00:00'),(5375,44,2010,2350.000000,5,1,1,1,'0000-00-00 00:00:00','0000-00-00 00:00:00'),(5376,44,2009,2350.000000,5,1,1,1,'0000-00-00 00:00:00','0000-00-00 00:00:00'),(5377,44,2008,2350.000000,5,1,1,1,'0000-00-00 00:00:00','0000-00-00 00:00:00'),(5378,44,2007,2350.000000,5,1,1,1,'0000-00-00 00:00:00','0000-00-00 00:00:00'),(5379,44,2006,2350.000000,5,1,1,1,'0000-00-00 00:00:00','0000-00-00 00:00:00'),(5380,44,2005,2350.000000,5,1,1,1,'0000-00-00 00:00:00','0000-00-00 00:00:00'),(5381,44,2004,2350.000000,5,1,1,1,'0000-00-00 00:00:00','0000-00-00 00:00:00'),(5382,44,2003,2350.000000,5,1,1,1,'0000-00-00 00:00:00','0000-00-00 00:00:00'),(5383,30,1981,800.000000,4,1,1,1,'0000-00-00 00:00:00','0000-00-00 00:00:00'),(5384,30,1980,800.000000,4,1,1,1,'0000-00-00 00:00:00','0000-00-00 00:00:00'),(5385,30,1979,800.000000,4,1,1,1,'0000-00-00 00:00:00','0000-00-00 00:00:00'),(5386,45,2008,10000.000000,0,1,1,1,'0000-00-00 00:00:00','0000-00-00 00:00:00'),(5387,45,2007,10000.000000,0,1,1,1,'0000-00-00 00:00:00','0000-00-00 00:00:00'),(5388,45,2006,10000.000000,0,1,1,1,'0000-00-00 00:00:00','0000-00-00 00:00:00'),(5389,45,2005,10000.000000,0,1,1,1,'0000-00-00 00:00:00','0000-00-00 00:00:00'),(5390,45,2004,10000.000000,0,1,1,1,'0000-00-00 00:00:00','0000-00-00 00:00:00'),(5391,45,2003,10000.000000,0,1,1,1,'0000-00-00 00:00:00','0000-00-00 00:00:00'),(5392,45,2002,10000.000000,0,1,1,1,'0000-00-00 00:00:00','0000-00-00 00:00:00'),(5393,45,2001,10000.000000,0,1,1,1,'0000-00-00 00:00:00','0000-00-00 00:00:00'),(5394,45,2000,10000.000000,0,1,1,1,'0000-00-00 00:00:00','0000-00-00 00:00:00'),(5395,45,1999,10000.000000,0,1,1,1,'0000-00-00 00:00:00','0000-00-00 00:00:00'),(5396,30,1982,800.000000,4,1,1,1,'0000-00-00 00:00:00','0000-00-00 00:00:00'),(5397,30,1983,800.000000,4,1,1,1,'0000-00-00 00:00:00','0000-00-00 00:00:00'),(5398,30,1984,800.000000,4,1,1,1,'0000-00-00 00:00:00','0000-00-00 00:00:00'),(5399,30,1985,800.000000,4,1,1,1,'0000-00-00 00:00:00','0000-00-00 00:00:00'),(5400,30,1986,800.000000,4,1,1,1,'0000-00-00 00:00:00','0000-00-00 00:00:00'),(5401,30,1987,800.000000,4,1,1,1,'0000-00-00 00:00:00','0000-00-00 00:00:00'),(5402,30,1988,800.000000,4,1,1,1,'0000-00-00 00:00:00','0000-00-00 00:00:00'),(5403,30,1989,800.000000,4,1,1,1,'0000-00-00 00:00:00','0000-00-00 00:00:00'),(5404,30,1990,800.000000,4,1,1,1,'0000-00-00 00:00:00','0000-00-00 00:00:00'),(5405,30,1991,800.000000,4,1,1,1,'0000-00-00 00:00:00','0000-00-00 00:00:00'),(5406,30,1992,800.000000,4,1,1,1,'0000-00-00 00:00:00','0000-00-00 00:00:00'),(5407,30,1993,800.000000,4,1,1,1,'0000-00-00 00:00:00','0000-00-00 00:00:00'),(5408,30,1994,800.000000,4,1,1,1,'0000-00-00 00:00:00','0000-00-00 00:00:00'),(5409,30,1995,800.000000,4,1,1,1,'0000-00-00 00:00:00','0000-00-00 00:00:00'),(5410,30,1996,800.000000,4,1,1,1,'0000-00-00 00:00:00','0000-00-00 00:00:00'),(5411,30,1997,800.000000,4,1,1,1,'0000-00-00 00:00:00','0000-00-00 00:00:00'),(5412,30,1998,800.000000,4,1,1,1,'0000-00-00 00:00:00','0000-00-00 00:00:00'),(5413,30,1999,800.000000,4,1,1,1,'0000-00-00 00:00:00','0000-00-00 00:00:00'),(5414,30,2000,800.000000,4,1,1,1,'0000-00-00 00:00:00','0000-00-00 00:00:00'),(5415,30,2001,800.000000,4,1,1,1,'0000-00-00 00:00:00','0000-00-00 00:00:00'),(5416,30,2002,800.000000,4,1,1,1,'0000-00-00 00:00:00','0000-00-00 00:00:00'),(5417,30,2003,800.000000,4,1,1,1,'0000-00-00 00:00:00','0000-00-00 00:00:00'),(5418,30,2004,800.000000,4,1,1,1,'0000-00-00 00:00:00','0000-00-00 00:00:00'),(5419,30,2005,800.000000,4,1,1,1,'0000-00-00 00:00:00','0000-00-00 00:00:00'),(5420,30,2006,800.000000,4,1,1,1,'0000-00-00 00:00:00','0000-00-00 00:00:00'),(5421,30,2007,800.000000,4,1,1,1,'0000-00-00 00:00:00','0000-00-00 00:00:00'),(66423,64,2015,593.750000,0,1,1,1,'2014-11-23 20:00:24','2014-11-23 20:00:24'),(66422,64,2014,593.750000,0,1,1,1,'2014-11-23 20:00:24','2014-11-23 20:00:24'),(66421,64,2013,593.750000,0,1,1,1,'2014-11-23 20:00:24','2014-11-23 20:00:24'),(66420,64,2012,593.750000,0,1,1,1,'2014-11-23 20:00:24','2014-11-23 20:00:24'),(66419,64,2011,593.750000,0,1,1,1,'2014-11-23 20:00:24','2014-11-23 20:00:24'),(66418,64,2010,343.750000,0,1,1,1,'2014-11-23 20:00:24','2014-11-23 20:00:24'),(66417,64,2009,343.750000,0,1,1,1,'2014-11-23 20:00:24','2014-11-23 20:00:24'),(66416,64,2008,343.750000,0,1,1,1,'2014-11-23 20:00:24','2014-11-23 20:00:24'),(66415,64,2007,343.750000,0,1,1,1,'2014-11-23 20:00:24','2014-11-23 20:00:24'),(66414,64,2006,343.750000,0,1,1,1,'2014-11-23 20:00:24','2014-11-23 20:00:24'),(66413,64,2005,343.750000,0,1,1,1,'2014-11-23 20:00:24','2014-11-23 20:00:24'),(66412,64,2004,343.750000,0,1,1,1,'2014-11-23 20:00:24','2014-11-23 20:00:24'),(66411,64,2003,343.750000,0,1,1,1,'2014-11-23 20:00:24','2014-11-23 20:00:24'),(5435,46,2009,900.000000,0,16,20,1,'0000-00-00 00:00:00','0000-00-00 00:00:00'),(5436,46,2008,900.000000,0,16,20,1,'0000-00-00 00:00:00','0000-00-00 00:00:00'),(5437,46,2007,900.000000,0,16,20,1,'0000-00-00 00:00:00','0000-00-00 00:00:00'),(5438,46,2006,1000.000000,0,16,20,1,'0000-00-00 00:00:00','0000-00-00 00:00:00'),(5439,46,2005,2000.000000,0,16,20,1,'0000-00-00 00:00:00','0000-00-00 00:00:00'),(5440,46,2004,900.000000,0,16,20,1,'0000-00-00 00:00:00','0000-00-00 00:00:00'),(5441,46,2003,900.000000,0,16,20,1,'0000-00-00 00:00:00','0000-00-00 00:00:00'),(5442,46,2002,900.000000,0,16,20,1,'0000-00-00 00:00:00','0000-00-00 00:00:00'),(5443,46,2001,900.000000,0,16,20,1,'0000-00-00 00:00:00','0000-00-00 00:00:00'),(5444,46,2000,900.000000,0,16,20,1,'0000-00-00 00:00:00','0000-00-00 00:00:00'),(5445,46,1999,900.000000,0,16,20,1,'0000-00-00 00:00:00','0000-00-00 00:00:00'),(5446,46,2009,2025.000000,0,1,15,1,'0000-00-00 00:00:00','0000-00-00 00:00:00'),(5447,46,2008,2025.000000,0,1,15,1,'0000-00-00 00:00:00','0000-00-00 00:00:00'),(5448,46,2007,2025.000000,0,1,15,1,'0000-00-00 00:00:00','0000-00-00 00:00:00'),(5449,46,2006,2025.000000,0,1,15,1,'0000-00-00 00:00:00','0000-00-00 00:00:00'),(5450,46,2005,2025.000000,0,1,15,1,'0000-00-00 00:00:00','0000-00-00 00:00:00'),(5451,46,2004,2025.000000,0,1,15,1,'0000-00-00 00:00:00','0000-00-00 00:00:00'),(5452,46,2003,2025.000000,0,1,15,1,'0000-00-00 00:00:00','0000-00-00 00:00:00'),(5453,46,2002,2025.000000,0,1,15,1,'0000-00-00 00:00:00','0000-00-00 00:00:00'),(5454,46,2001,2025.000000,0,1,15,1,'0000-00-00 00:00:00','0000-00-00 00:00:00'),(5455,46,2000,2025.000000,0,1,15,1,'0000-00-00 00:00:00','0000-00-00 00:00:00'),(5456,46,1999,2025.000000,0,1,15,1,'0000-00-00 00:00:00','0000-00-00 00:00:00'),(5457,46,1998,2025.000000,0,1,15,1,'0000-00-00 00:00:00','0000-00-00 00:00:00'),(5458,46,1998,900.000000,0,16,20,1,'0000-00-00 00:00:00','0000-00-00 00:00:00'),(5459,49,2010,0.000000,0,1,1,1,'0000-00-00 00:00:00','0000-00-00 00:00:00'),(5460,49,2009,0.000000,0,1,1,1,'0000-00-00 00:00:00','0000-00-00 00:00:00'),(5461,49,2008,0.000000,0,1,1,1,'0000-00-00 00:00:00','0000-00-00 00:00:00'),(5462,49,2007,0.000000,0,1,1,1,'0000-00-00 00:00:00','0000-00-00 00:00:00'),(5463,47,2008,1500.000000,3,1,1,1,'0000-00-00 00:00:00','0000-00-00 00:00:00'),(5464,47,2007,1500.000000,3,1,1,1,'0000-00-00 00:00:00','0000-00-00 00:00:00'),(5465,47,2006,1500.000000,3,1,1,1,'0000-00-00 00:00:00','0000-00-00 00:00:00'),(5466,47,2005,1500.000000,3,1,1,1,'0000-00-00 00:00:00','0000-00-00 00:00:00'),(5467,47,2004,1500.000000,3,1,1,1,'0000-00-00 00:00:00','0000-00-00 00:00:00'),(5468,47,2003,1500.000000,3,1,1,1,'0000-00-00 00:00:00','0000-00-00 00:00:00'),(5469,47,2002,1500.000000,3,1,1,1,'0000-00-00 00:00:00','0000-00-00 00:00:00'),(5470,47,2001,1500.000000,3,1,1,1,'0000-00-00 00:00:00','0000-00-00 00:00:00'),(5471,47,2000,1500.000000,3,1,1,1,'0000-00-00 00:00:00','0000-00-00 00:00:00'),(5472,47,1999,1500.000000,3,1,1,1,'0000-00-00 00:00:00','0000-00-00 00:00:00'),(5473,47,1998,1500.000000,3,1,1,1,'0000-00-00 00:00:00','0000-00-00 00:00:00'),(5474,47,1997,1500.000000,3,1,1,1,'0000-00-00 00:00:00','0000-00-00 00:00:00'),(5475,49,2006,0.000000,0,1,1,1,'0000-00-00 00:00:00','0000-00-00 00:00:00'),(66410,64,2002,343.750000,0,1,1,1,'2014-11-23 20:00:24','2014-11-23 20:00:24'),(66409,64,2001,343.750000,0,1,1,1,'2014-11-23 20:00:24','2014-11-23 20:00:24'),(66408,64,2000,343.750000,0,1,1,1,'2014-11-23 20:00:24','2014-11-23 20:00:24'),(66407,64,1999,343.750000,0,1,1,1,'2014-11-23 20:00:24','2014-11-23 20:00:24'),(66406,64,1998,343.750000,0,1,1,1,'2014-11-23 20:00:24','2014-11-23 20:00:24'),(5481,51,2007,3000.000000,3,1,1,1,'0000-00-00 00:00:00','0000-00-00 00:00:00'),(5482,51,2006,3000.000000,3,1,1,1,'0000-00-00 00:00:00','0000-00-00 00:00:00'),(5483,51,2005,3000.000000,3,1,1,1,'0000-00-00 00:00:00','0000-00-00 00:00:00'),(5484,51,2004,3000.000000,3,1,1,1,'0000-00-00 00:00:00','0000-00-00 00:00:00'),(5485,51,2003,3000.000000,3,1,1,1,'0000-00-00 00:00:00','0000-00-00 00:00:00'),(5486,51,2002,3000.000000,3,1,1,1,'0000-00-00 00:00:00','0000-00-00 00:00:00'),(5487,51,2001,3000.000000,3,1,1,1,'0000-00-00 00:00:00','0000-00-00 00:00:00'),(5488,51,2000,3000.000000,3,1,1,1,'0000-00-00 00:00:00','0000-00-00 00:00:00'),(5489,51,1999,3000.000000,3,1,1,1,'0000-00-00 00:00:00','0000-00-00 00:00:00'),(5490,51,1998,3000.000000,3,1,1,1,'0000-00-00 00:00:00','0000-00-00 00:00:00'),(5491,51,2008,3000.000000,3,1,1,1,'0000-00-00 00:00:00','0000-00-00 00:00:00'),(5492,51,2009,3000.000000,3,1,1,1,'0000-00-00 00:00:00','0000-00-00 00:00:00'),(5493,51,2010,3000.000000,3,1,1,1,'0000-00-00 00:00:00','0000-00-00 00:00:00'),(5494,51,2011,3000.000000,3,1,1,1,'0000-00-00 00:00:00','0000-00-00 00:00:00'),(5495,51,2012,3000.000000,3,1,1,1,'0000-00-00 00:00:00','0000-00-00 00:00:00'),(5496,51,2013,3000.000000,3,1,1,1,'0000-00-00 00:00:00','0000-00-00 00:00:00'),(5497,36,2001,1200.000000,3,1,1,1,'0000-00-00 00:00:00','0000-00-00 00:00:00'),(5498,36,2000,1200.000000,3,1,1,1,'0000-00-00 00:00:00','0000-00-00 00:00:00'),(5499,36,1999,900.000000,3,1,1,1,'0000-00-00 00:00:00','0000-00-00 00:00:00'),(5500,36,1998,900.000000,3,1,1,1,'0000-00-00 00:00:00','0000-00-00 00:00:00'),(5501,36,1997,900.000000,3,1,1,1,'0000-00-00 00:00:00','0000-00-00 00:00:00'),(5502,36,1996,900.000000,3,1,1,1,'0000-00-00 00:00:00','0000-00-00 00:00:00'),(5503,44,2002,2200.000000,5,1,1,1,'0000-00-00 00:00:00','0000-00-00 00:00:00'),(5504,44,2001,2200.000000,5,1,1,1,'0000-00-00 00:00:00','0000-00-00 00:00:00'),(5505,44,2000,1700.000000,5,1,1,1,'0000-00-00 00:00:00','0000-00-00 00:00:00'),(5506,44,1999,1700.000000,5,1,1,1,'0000-00-00 00:00:00','0000-00-00 00:00:00'),(5507,44,1998,1700.000000,5,1,1,1,'0000-00-00 00:00:00','0000-00-00 00:00:00'),(5508,44,1997,1700.000000,5,1,1,1,'0000-00-00 00:00:00','0000-00-00 00:00:00'),(5509,44,1996,1700.000000,5,1,1,1,'0000-00-00 00:00:00','0000-00-00 00:00:00'),(65689,57,2015,1375.000000,2.5,1,1,1,'2014-11-02 07:13:57','2014-11-02 07:13:57'),(65688,57,2014,1375.000000,2.5,1,1,1,'2014-11-02 07:13:57','2014-11-02 07:13:57'),(65687,57,2013,1375.000000,2.5,1,1,1,'2014-11-02 07:13:57','2014-11-02 07:13:57'),(65686,57,2012,1375.000000,2.5,1,1,1,'2014-11-02 07:13:57','2014-11-02 07:13:57'),(65685,57,2011,1250.000000,2.5,1,1,1,'2014-11-02 07:13:57','2014-11-02 07:13:57'),(65684,57,2010,1250.000000,2.5,1,1,1,'2014-11-02 07:13:57','2014-11-02 07:13:57'),(65683,57,2009,1250.000000,2.5,1,1,1,'2014-11-02 07:13:57','2014-11-02 07:13:57'),(65682,57,2008,1250.000000,2.5,1,1,1,'2014-11-02 07:13:57','2014-11-02 07:13:57'),(65681,57,2007,1250.000000,2.5,1,1,1,'2014-11-02 07:13:57','2014-11-02 07:13:57'),(65680,57,2006,1250.000000,2.5,1,1,1,'2014-11-02 07:13:57','2014-11-02 07:13:57'),(65679,57,2005,1250.000000,2.5,1,1,1,'2014-11-02 07:13:57','2014-11-02 07:13:57'),(65678,57,2004,1250.000000,2.5,1,1,1,'2014-11-02 07:13:57','2014-11-02 07:13:57'),(65677,57,2003,1250.000000,2.5,1,1,1,'2014-11-02 07:13:57','2014-11-02 07:13:57'),(65676,57,2002,1250.000000,2.5,1,1,1,'2014-11-02 07:13:57','2014-11-02 07:13:57'),(66238,53,2014,0.000000,0,1,1,1,'2014-11-20 15:58:38','2014-11-20 15:58:38'),(66237,53,2013,0.000000,0,1,1,1,'2014-11-20 15:58:38','2014-11-20 15:58:38'),(65186,58,2015,1000.000000,0,1,1,1,'2014-09-30 10:33:32','2014-09-30 10:33:32'),(65185,58,2014,1000.000000,0,1,1,1,'2014-09-30 10:33:32','2014-09-30 10:33:32'),(65184,58,2013,1000.000000,0,1,1,1,'2014-09-30 10:33:32','2014-09-30 10:33:32'),(65183,58,2012,1000.000000,0,1,1,1,'2014-09-30 10:33:32','2014-09-30 10:33:32'),(65182,58,2011,1000.000000,0,1,1,1,'2014-09-30 10:33:32','2014-09-30 10:33:32'),(65181,58,2010,1000.000000,0,1,1,1,'2014-09-30 10:33:32','2014-09-30 10:33:32'),(65180,58,2009,1000.000000,0,1,1,1,'2014-09-30 10:33:32','2014-09-30 10:33:32'),(65179,58,2008,1000.000000,0,1,1,1,'2014-09-30 10:33:32','2014-09-30 10:33:32'),(65178,58,2007,7000.000000,0,1,1,1,'2014-09-30 10:33:32','2014-09-30 10:33:32'),(65177,58,2006,1000.000000,0,1,1,1,'2014-09-30 10:33:32','2014-09-30 10:33:32'),(66236,53,2012,0.000000,0,1,1,1,'2014-11-20 15:58:38','2014-11-20 15:58:38'),(66235,53,2011,0.000000,0,1,1,1,'2014-11-20 15:58:38','2014-11-20 15:58:38'),(66234,53,2010,0.000000,0,1,1,1,'2014-11-20 15:58:37','2014-11-20 15:58:38'),(66233,53,2009,0.000000,0,1,1,1,'2014-11-20 15:58:37','2014-11-20 15:58:37'),(66232,53,2008,0.000000,0,1,1,1,'2014-11-20 15:58:37','2014-11-20 15:58:37'),(66231,53,2007,0.000000,0,1,1,1,'2014-11-20 15:58:37','2014-11-20 15:58:37'),(66230,53,2006,0.000000,0,1,1,1,'2014-11-20 15:58:37','2014-11-20 15:58:37'),(66229,53,2005,0.000000,0,1,1,1,'2014-11-20 15:58:37','2014-11-20 15:58:37'),(67149,62,2015,801.482500,2.5,1,7,1,'2015-02-07 14:49:21','2015-02-07 14:49:21'),(67148,62,2014,801.482500,2.5,1,7,1,'2015-02-07 14:49:21','2015-02-07 14:49:21'),(67147,62,2013,801.482500,2.5,1,7,1,'2015-02-07 14:49:21','2015-02-07 14:49:21'),(67146,62,2012,801.482500,2.5,1,7,1,'2015-02-07 14:49:21','2015-02-07 14:49:21'),(67145,62,2011,801.482500,2.5,1,7,1,'2015-02-07 14:49:21','2015-02-07 14:49:21'),(66634,63,2015,375.000000,0,1,1,1,'2015-01-24 15:25:17','2015-01-24 15:25:17'),(66633,63,2014,375.000000,0,1,1,1,'2015-01-24 15:25:17','2015-01-24 15:25:17'),(66632,63,2013,375.000000,0,1,1,1,'2015-01-24 15:25:17','2015-01-24 15:25:17'),(66631,63,2012,375.000000,0,1,1,1,'2015-01-24 15:25:17','2015-01-24 15:25:17'),(66630,63,2011,375.000000,0,1,1,1,'2015-01-24 15:25:17','2015-01-24 15:25:17'),(66629,63,2010,375.000000,0,1,1,1,'2015-01-24 15:25:17','2015-01-24 15:25:17'),(66628,63,2009,0.000000,0,1,1,1,'2015-01-24 15:25:17','2015-01-24 15:25:17'),(66627,63,2008,375.000000,0,1,1,1,'2015-01-24 15:25:17','2015-01-24 15:25:17'),(66626,63,2007,375.000000,0,1,1,1,'2015-01-24 15:25:17','2015-01-24 15:25:17'),(66625,63,2006,0.000000,0,1,1,1,'2015-01-24 15:25:17','2015-01-24 15:25:17'),(66624,63,2005,375.000000,0,1,1,1,'2015-01-24 15:25:17','2015-01-24 15:25:17'),(66228,53,2004,0.000000,0,1,1,1,'2014-11-20 15:58:37','2014-11-20 15:58:37'),(66227,53,2003,7500.000000,0,1,1,1,'2014-11-20 15:58:37','2014-11-20 15:58:37'),(66226,53,2002,0.000000,0,1,1,1,'2014-11-20 15:58:37','2014-11-20 15:58:37'),(66225,53,2001,0.000000,0,1,1,1,'2014-11-20 15:58:37','2014-11-20 15:58:37'),(66224,53,2000,0.000000,0,1,1,1,'2014-11-20 15:58:37','2014-11-20 15:58:37'),(65338,61,2002,600.000000,6,1,1,1,'2014-10-26 12:42:02','2014-10-26 12:42:02'),(65339,61,2003,600.000000,6,1,1,1,'2014-10-26 12:42:02','2014-10-26 12:42:02'),(65340,61,2004,600.000000,6,1,1,1,'2014-10-26 12:42:02','2014-10-26 12:42:02'),(65341,61,2005,600.000000,6,1,1,1,'2014-10-26 12:42:02','2014-10-26 12:42:02'),(65342,61,2006,600.000000,6,1,1,1,'2014-10-26 12:42:02','2014-10-26 12:42:02'),(65343,61,2007,600.000000,6,1,1,1,'2014-10-26 12:42:02','2014-10-26 12:42:02'),(65344,61,2008,900.000000,6,1,1,1,'2014-10-26 12:42:02','2014-10-26 12:42:02'),(65345,61,2009,900.000000,6,1,1,1,'2014-10-26 12:42:02','2014-10-26 12:42:02'),(65346,61,2010,900.000000,6,1,1,1,'2014-10-26 12:42:02','2014-10-26 12:42:02'),(65347,61,2011,900.000000,6,1,1,1,'2014-10-26 12:42:02','2014-10-26 12:42:02'),(65348,61,2012,900.000000,6,1,1,1,'2014-10-26 12:42:02','2014-10-26 12:42:02'),(65349,61,2013,1050.000000,6,1,1,1,'2014-10-26 12:42:02','2014-10-26 12:42:02'),(65350,61,2014,1050.000000,6,1,1,1,'2014-10-26 12:42:02','2014-10-26 12:42:02'),(65351,61,2015,1050.000000,6,1,1,1,'2014-10-26 12:42:02','2014-10-26 12:42:02'),(67144,62,2010,801.482500,2.5,1,7,1,'2015-02-07 14:49:21','2015-02-07 14:49:21'),(67143,62,2009,801.482500,2.5,1,7,1,'2015-02-07 14:49:21','2015-02-07 14:49:21'),(67142,62,2008,801.482500,2.5,1,7,1,'2015-02-07 14:49:21','2015-02-07 14:49:21'),(67141,62,2007,801.482500,2.5,1,7,1,'2015-02-07 14:49:21','2015-02-07 14:49:21'),(67140,62,2006,801.482500,2.5,1,7,1,'2015-02-07 14:49:21','2015-02-07 14:49:21'),(67139,62,2005,801.482500,2.5,1,7,1,'2015-02-07 14:49:21','2015-02-07 14:49:21'),(67265,62,2015,400.000000,0,8,20,1,'2015-02-19 17:21:49','2015-02-19 17:21:49'),(67264,62,2014,400.000000,0,8,20,1,'2015-02-19 17:21:49','2015-02-19 17:21:49'),(67263,62,2013,400.000000,0,8,20,1,'2015-02-19 17:21:49','2015-02-19 17:21:49'),(67262,62,2012,400.000000,0,8,20,1,'2015-02-19 17:21:49','2015-02-19 17:21:49'),(67261,62,2011,400.000000,0,8,20,1,'2015-02-19 17:21:49','2015-02-19 17:21:49'),(67260,62,2010,400.000000,0,8,20,1,'2015-02-19 17:21:49','2015-02-19 17:21:49'),(67259,62,2009,400.000000,0,8,20,1,'2015-02-19 17:21:49','2015-02-19 17:21:49'),(67258,62,2008,400.000000,0,8,20,1,'2015-02-19 17:21:49','2015-02-19 17:21:49'),(67257,62,2007,3000.000000,0,8,20,1,'2015-02-19 17:21:49','2015-02-19 17:21:49'),(67256,62,2006,400.000000,0,8,20,1,'2015-02-19 17:21:49','2015-02-19 17:21:49'),(67255,62,2005,400.000000,0,8,20,1,'2015-02-19 17:21:49','2015-02-19 17:21:49'),(66116,60,2015,175.000000,1.75,11,15,1,'2014-11-14 09:19:50','2014-11-14 09:19:50'),(66115,60,2014,175.000000,1.75,11,15,1,'2014-11-14 09:19:50','2014-11-14 09:19:50'),(66114,60,2013,175.000000,1.75,11,15,1,'2014-11-14 09:19:50','2014-11-14 09:19:50'),(66113,60,2012,175.000000,1.75,11,15,1,'2014-11-14 09:19:50','2014-11-14 09:19:50'),(66112,60,2011,175.000000,1.75,11,15,1,'2014-11-14 09:19:50','2014-11-14 09:19:50'),(67179,60,2015,1250.000000,0,1,10,1,'2015-02-18 10:25:39','2015-02-18 10:25:39'),(67178,60,2014,1250.000000,0,1,10,1,'2015-02-18 10:25:39','2015-02-18 10:25:39'),(67177,60,2013,1250.000000,0,1,10,1,'2015-02-18 10:25:39','2015-02-18 10:25:39'),(67176,60,2012,1250.000000,0,1,10,1,'2015-02-18 10:25:39','2015-02-18 10:25:39'),(67175,60,2011,1250.000000,0,1,10,1,'2015-02-18 10:25:39','2015-02-18 10:25:39'),(67174,60,2010,1250.000000,0,1,10,1,'2015-02-18 10:25:39','2015-02-18 10:25:39'),(67173,60,2009,1250.000000,0,1,10,1,'2015-02-18 10:25:39','2015-02-18 10:25:39'),(67172,60,2008,7500.000000,0,1,10,1,'2015-02-18 10:25:39','2015-02-18 10:25:39'),(67171,60,2007,1250.000000,0,1,10,1,'2015-02-18 10:25:39','2015-02-18 10:25:39'),(67170,60,2006,1250.000000,0,1,10,1,'2015-02-18 10:25:39','2015-02-18 10:25:39'),(66223,53,1999,7500.000000,0,1,1,1,'2014-11-20 15:58:37','2014-11-20 15:58:37'),(66222,53,1998,0.000000,0,1,1,1,'2014-11-20 15:58:37','2014-11-20 15:58:37'),(66405,64,1997,2000.000000,0,1,1,1,'2014-11-23 20:00:24','2014-11-23 20:00:24'),(66404,64,1996,343.750000,0,1,1,1,'2014-11-23 20:00:24','2014-11-23 20:00:24'),(66444,88,2015,0.000000,0,1,1,1,'2015-01-13 11:37:10','2015-01-13 11:37:10'),(66443,88,2014,9000.000000,0,1,1,1,'2015-01-13 11:37:10','2015-01-13 11:37:10'),(66442,88,2013,0.000000,0,1,1,1,'2015-01-13 11:37:10','2015-01-13 11:37:10'),(66441,88,2012,0.000000,0,1,1,1,'2015-01-13 11:37:10','2015-01-13 11:37:10'),(66440,88,2011,7500.000000,0,1,1,1,'2015-01-13 11:37:10','2015-01-13 11:37:10'),(66429,90,2010,0.000000,0,1,1,1,'2015-01-12 16:21:35','2015-01-12 16:21:35'),(66430,90,2011,20000.000000,0,1,1,1,'2015-01-12 16:21:35','2015-01-12 16:21:35'),(66431,90,2012,0.000000,0,1,1,1,'2015-01-12 16:21:35','2015-01-12 16:21:35'),(66432,90,2013,0.000000,0,1,1,1,'2015-01-12 16:21:35','2015-01-12 16:21:35'),(66433,90,2014,0.000000,0,1,1,1,'2015-01-12 16:21:35','2015-01-12 16:21:35'),(66434,90,2015,0.000000,0,1,1,1,'2015-01-12 16:21:35','2015-01-12 16:21:35'),(66460,91,2015,0.000000,0,1,1,1,'2015-01-13 11:56:04','2015-01-13 11:56:04'),(66459,91,2014,0.000000,0,1,1,1,'2015-01-13 11:56:04','2015-01-13 11:56:04'),(66458,91,2013,25000.000000,0,1,1,1,'2015-01-13 11:56:04','2015-01-13 11:56:04'),(66457,91,2012,0.000000,0,1,1,1,'2015-01-13 11:56:04','2015-01-13 11:56:04'),(66456,91,2011,0.000000,0,1,1,1,'2015-01-13 11:56:04','2015-01-13 11:56:04'),(66455,91,2010,0.000000,0,1,1,1,'2015-01-13 11:56:04','2015-01-13 11:56:04'),(66454,91,2009,15000.000000,0,1,1,1,'2015-01-13 11:56:04','2015-01-13 11:56:04'),(66453,91,2008,0.000000,0,1,1,1,'2015-01-13 11:56:04','2015-01-13 11:56:04'),(66461,92,2010,0.000000,0,1,1,1,'2015-01-14 11:56:13','2015-01-14 11:56:13'),(66462,92,2011,0.000000,0,1,1,1,'2015-01-14 11:56:13','2015-01-14 11:56:13'),(66463,92,2012,0.000000,0,1,1,1,'2015-01-14 11:56:14','2015-01-14 11:56:14'),(66464,92,2013,40000.000000,0,1,1,1,'2015-01-14 11:56:14','2015-01-14 11:56:14'),(66465,92,2014,0.000000,0,1,1,1,'2015-01-14 11:56:14','2015-01-14 11:56:14'),(67158,66,2014,0.000000,0,1,1,1,'2015-02-11 22:09:46','2015-02-11 22:09:46'),(67157,66,2013,0.000000,0,1,1,1,'2015-02-11 22:09:46','2015-02-11 22:09:46'),(67156,66,2012,0.000000,0,1,1,1,'2015-02-11 22:09:46','2015-02-11 22:09:46'),(67155,66,2011,0.000000,0,1,1,1,'2015-02-11 22:09:46','2015-02-11 22:09:46'),(67154,66,2010,0.000000,0,1,1,1,'2015-02-11 22:09:46','2015-02-11 22:09:46'),(67153,66,2009,0.000000,0,1,1,1,'2015-02-11 22:09:46','2015-02-11 22:09:46'),(67152,66,2008,0.000000,0,1,1,1,'2015-02-11 22:09:46','2015-02-11 22:09:46'),(67151,66,2007,0.000000,0,1,1,1,'2015-02-11 22:09:46','2015-02-11 22:09:46'),(67150,66,2006,0.000000,0,1,1,1,'2015-02-11 22:09:46','2015-02-11 22:09:46'),(67105,84,2015,150.000000,1.5,1,1,1,'2015-02-01 22:15:22','2015-02-01 22:15:22'),(67104,84,2014,150.000000,1.5,1,1,1,'2015-02-01 22:15:22','2015-02-01 22:15:22'),(67103,84,2013,150.000000,1.5,1,1,1,'2015-02-01 22:15:22','2015-02-01 22:15:22'),(67102,84,2012,150.000000,1.5,1,1,1,'2015-02-01 22:15:22','2015-02-01 22:15:22'),(67101,84,2011,150.000000,1.5,1,1,1,'2015-02-01 22:15:22','2015-02-01 22:15:22'),(67100,84,2010,150.000000,1.5,1,1,1,'2015-02-01 22:15:22','2015-02-01 22:15:22'),(67159,66,2015,0.000000,0,1,1,1,'2015-02-11 22:09:46','2015-02-11 22:09:46'),(67195,59,2015,178.125000,1.5,1,5,1,'2015-02-19 06:07:26','2015-02-19 06:07:26'),(67194,59,2014,178.125000,1.5,1,5,1,'2015-02-19 06:07:26','2015-02-19 06:07:26'),(67193,59,2013,178.125000,1.5,1,5,1,'2015-02-19 06:07:26','2015-02-19 06:07:26'),(67192,59,2012,178.125000,1.5,1,5,1,'2015-02-19 06:07:26','2015-02-19 06:07:26'),(67191,59,2011,178.125000,1.5,1,5,1,'2015-02-19 06:07:26','2015-02-19 06:07:26'),(67190,59,2010,178.125000,1.5,1,5,1,'2015-02-19 06:07:26','2015-02-19 06:07:26'),(67189,59,2009,178.125000,1.5,1,5,1,'2015-02-19 06:07:26','2015-02-19 06:07:26'),(67188,59,2008,178.125000,1.5,1,5,1,'2015-02-19 06:07:26','2015-02-19 06:07:26'),(67243,59,2015,356.250000,3,6,10,1,'2015-02-19 06:58:25','2015-02-19 06:58:25'),(67242,59,2014,356.250000,3,6,10,1,'2015-02-19 06:58:25','2015-02-19 06:58:25'),(67241,59,2013,356.250000,3,6,10,1,'2015-02-19 06:58:25','2015-02-19 06:58:25'),(67240,59,2012,356.250000,3,6,10,1,'2015-02-19 06:58:25','2015-02-19 06:58:25'),(67239,59,2011,356.250000,3,6,10,1,'2015-02-19 06:58:25','2015-02-19 06:58:25'),(67238,59,2010,356.250000,3,6,10,1,'2015-02-19 06:58:25','2015-02-19 06:58:25'),(67237,59,2009,356.250000,3,6,10,1,'2015-02-19 06:58:25','2015-02-19 06:58:25'),(67236,59,2008,356.250000,3,6,10,1,'2015-02-19 06:58:25','2015-02-19 06:58:25'),(67357,100,2016,500.000000,5,1,1,1,'2015-03-20 17:46:40','2015-03-20 17:46:40'),(67356,100,2015,500.000000,5,1,1,1,'2015-03-20 17:46:40','2015-03-20 17:46:40'),(67355,100,2014,500.000000,5,1,1,1,'2015-03-20 17:46:40','2015-03-20 17:46:40'),(67354,100,2013,500.000000,5,1,1,1,'2015-03-20 17:46:40','2015-03-20 17:46:40'),(67353,100,2012,500.000000,5,1,1,1,'2015-03-20 17:46:40','2015-03-20 17:46:40'),(67352,100,2011,500.000000,5,1,1,1,'2015-03-20 17:46:40','2015-03-20 17:46:40'),(67351,100,2010,500.000000,5,1,1,1,'2015-03-20 17:46:40','2015-03-20 17:46:40'),(67350,100,2009,500.000000,5,1,1,1,'2015-03-20 17:46:40','2015-03-20 17:46:40'),(67349,100,2008,500.000000,5,1,1,1,'2015-03-20 17:46:40','2015-03-20 17:46:40'),(67348,100,2007,500.000000,5,1,1,1,'2015-03-20 17:46:40','2015-03-20 17:46:40'),(67347,100,2006,500.000000,5,1,1,1,'2015-03-20 17:46:40','2015-03-20 17:46:40'),(67346,100,2005,500.000000,5,1,1,1,'2015-03-20 17:46:40','2015-03-20 17:46:40'),(67345,100,2004,500.000000,5,1,1,1,'2015-03-20 17:46:40','2015-03-20 17:46:40'),(67344,100,2003,500.000000,5,1,1,1,'2015-03-20 17:46:40','2015-03-20 17:46:40'),(67343,100,2002,500.000000,5,1,1,1,'2015-03-20 17:46:40','2015-03-20 17:46:40'),(67342,100,2001,500.000000,5,1,1,1,'2015-03-20 17:46:40','2015-03-20 17:46:40'),(67341,100,2000,500.000000,5,1,1,1,'2015-03-20 17:46:40','2015-03-20 17:46:40'),(67340,100,1999,500.000000,5,1,1,1,'2015-03-20 17:46:40','2015-03-20 17:46:40'),(67339,100,1998,500.000000,5,1,1,1,'2015-03-20 17:46:40','2015-03-20 17:46:40'),(67338,100,1997,500.000000,5,1,1,1,'2015-03-20 17:46:40','2015-03-20 17:46:40'),(67337,100,1996,500.000000,5,1,1,1,'2015-03-20 17:46:40','2015-03-20 17:46:40'),(67336,100,1995,500.000000,5,1,1,1,'2015-03-20 17:46:40','2015-03-20 17:46:40'),(67335,100,1994,500.000000,5,1,1,1,'2015-03-20 17:46:40','2015-03-20 17:46:40'),(67430,101,2016,500.000000,5,1,1,1,'2015-03-20 18:56:24','2015-03-20 18:56:24'),(67429,101,2015,500.000000,5,1,1,1,'2015-03-20 18:56:24','2015-03-20 18:56:24'),(67428,101,2014,500.000000,5,1,1,1,'2015-03-20 18:56:24','2015-03-20 18:56:24'),(67427,101,2013,500.000000,5,1,1,1,'2015-03-20 18:56:24','2015-03-20 18:56:24'),(67426,101,2012,500.000000,5,1,1,1,'2015-03-20 18:56:24','2015-03-20 18:56:24'),(67425,101,2011,500.000000,5,1,1,1,'2015-03-20 18:56:24','2015-03-20 18:56:24'),(67424,101,2010,500.000000,5,1,1,1,'2015-03-20 18:56:24','2015-03-20 18:56:24'),(67423,101,2009,500.000000,5,1,1,1,'2015-03-20 18:56:24','2015-03-20 18:56:24'),(67422,101,2008,500.000000,5,1,1,1,'2015-03-20 18:56:24','2015-03-20 18:56:24'),(67421,101,2007,500.000000,5,1,1,1,'2015-03-20 18:56:24','2015-03-20 18:56:24'),(67420,101,2006,500.000000,5,1,1,1,'2015-03-20 18:56:24','2015-03-20 18:56:24'),(67419,101,2005,500.000000,5,1,1,1,'2015-03-20 18:56:24','2015-03-20 18:56:24'),(67418,101,2004,500.000000,5,1,1,1,'2015-03-20 18:56:24','2015-03-20 18:56:24'),(67417,101,2003,500.000000,5,1,1,1,'2015-03-20 18:56:24','2015-03-20 18:56:24'),(67416,101,2002,500.000000,5,1,1,1,'2015-03-20 18:56:24','2015-03-20 18:56:24'),(67415,101,2001,500.000000,5,1,1,1,'2015-03-20 18:56:24','2015-03-20 18:56:24'),(67414,101,2000,500.000000,5,1,1,1,'2015-03-20 18:56:24','2015-03-20 18:56:24'),(67413,101,1999,500.000000,5,1,1,1,'2015-03-20 18:56:24','2015-03-20 18:56:24'),(67412,101,1998,500.000000,5,1,1,1,'2015-03-20 18:56:24','2015-03-20 18:56:24'),(67411,101,1997,500.000000,5,1,1,1,'2015-03-20 18:56:24','2015-03-20 18:56:24'),(67410,101,1996,500.000000,5,1,1,1,'2015-03-20 18:56:24','2015-03-20 18:56:24'),(67409,101,1995,500.000000,5,1,1,1,'2015-03-20 18:56:24','2015-03-20 18:56:24'),(67408,101,1994,500.000000,5,1,1,1,'2015-03-20 18:56:24','2015-03-20 18:56:24'),(67407,101,1993,500.000000,5,1,1,1,'2015-03-20 18:56:24','2015-03-20 18:56:24'),(67406,101,1992,500.000000,5,1,1,1,'2015-03-20 18:56:24','2015-03-20 18:56:24');
/*!40000 ALTER TABLE `withdrawals` ENABLE KEYS */;
UNLOCK TABLES;
/*!40103 SET TIME_ZONE=@OLD_TIME_ZONE */;

/*!40101 SET SQL_MODE=@OLD_SQL_MODE */;
/*!40014 SET FOREIGN_KEY_CHECKS=@OLD_FOREIGN_KEY_CHECKS */;
/*!40014 SET UNIQUE_CHECKS=@OLD_UNIQUE_CHECKS */;
/*!40101 SET CHARACTER_SET_CLIENT=@OLD_CHARACTER_SET_CLIENT */;
/*!40101 SET CHARACTER_SET_RESULTS=@OLD_CHARACTER_SET_RESULTS */;
/*!40101 SET COLLATION_CONNECTION=@OLD_COLLATION_CONNECTION */;
/*!40111 SET SQL_NOTES=@OLD_SQL_NOTES */;

-- Dump completed on 2015-03-20 20:37:48
